tier,summonerId,summonerName,leaguePoints,wins,losses,veteran,inactive,freshBlood,accountId
CHALLENGER,46qwf1-goYWMUpSdTj1sMwmTCU99zSqY7Knhb-ouw9-PqyCWVZidXuK9cQ,yuezhihuxi,1337,266,197,True,False,False,tznF5TvCmjA5ETa0zyFtPkGbQhB9LuIdFMb_fnP6qYXw9n0t_NMxqUPC
CHALLENGER,0iDTGwZ51SZg5-CPd3oYgzZZy1ELOaiX2pULCImyMz1m9z8,psavncav,1337,707,634,True,False,False,UdwL-baYEMP4IknfW6-AJmbkBvzLOtQtjNKmPGGeMlcPi4Y
CHALLENGER,l7fUZcp8NoWOM_CFsoyw2_DqFsNw0ze9GBYyj-OcGUyktrk,lIlIIllIlIIllIlI,947,279,220,False,False,False,zILFAoKG9z67MDK7uLywKGGv4ZTVWpGLW9DBAJBBhMfrxrg
CHALLENGER,Qb_Vg16aHRca0iqZA6iOCHfrla-kfFCrmeSm8ce6X5pS6iY,hhhhbbbb,1233,567,499,True,False,False,pZqWyap7G0qyPvNfMjmr6qXPDhTbf6jZfJ30421wmvxVATaWErgiQJci
CHALLENGER,wKXZDcB7OsZBDaosuOkDIGuu96Wlh4P-jqeQ9EHQCbDU_is,Destiny,1028,1027,974,False,False,False,CIFwWG51YQKI64YNyUm98rwl-2Nm4zRL5TJeoQtY1D32fMc
CHALLENGER,P5ZSLijCepYjkFMEuY0SwJWUsjgu6uswkJdO-iS_BatWHeE,케이티 기리,1254,489,412,True,False,False,yvo8r6UwSLHWe0v2w4tQLykmBMEf0C9fl0hkdF7UBEGrvuAG5q53K9Y-
CHALLENGER,O3nlVdYL26Fi5xzZoJm9LEaVHVHcvYD5B-PATQW40iTYzbI,person to leave,1426,343,241,True,False,False,Afn_56QMfJ6UwWnAH-GaiskXxFVXge4yg9SBlTzTbzij6rFz_wENZe7A
CHALLENGER,Hs4EB8IlJBH4EYZXFL6kSd0mu8_Uhl2bZAhp9brioDFABb0,Thanatos,918,156,97,False,False,True,rGeVonMNfpYzKNYSUGm3y2_ILZhf1fSD6mMi5QGgFyNZf_s
CHALLENGER,5fOjo1GucU89H-aW47zA5edAeqw2abihgEF3p2_lWfcDkyA,fragiIe,1325,1021,911,True,False,False,JTjD3wVm51tUPWNIov17WfTUA3zMvrU12S__sYvYMDZ9bGvzEd2D4PSS
CHALLENGER,JH_aQ9YxP7W2q9WRshMJX2Pqs16AOezd84B9Www2j7i5qTw,버기해적단 버기,1219,513,430,True,False,False,aT3ovowhIYzMpqCVqeofYYK3bqkiz7XiEIx37wTP60C4oo8
CHALLENGER,9YOJEZwOYptMM_xUZEAfqgDFPUiQzrJ7pdQL6DnlqKHOmlyGhO1_TCjPQw,qweraszcdfgtyu,1002,176,122,False,False,True,4LhkOrV17ATfMOa8npHaMjr_vqV_AJsR0XrIRZ4Bd3OGlJeeYy8O_7Fh
CHALLENGER,dRQb3iRbGXojJca_0mYjMi3tRk7OjdAWPHnfUmJkoJTEuFE2NsGNx4p2Og,앙 맛있엉,1150,463,390,True,False,False,HBN-hAXhOOcr6DSk9Kj3VmPmv8GaVhGSD5cZoo06tBFldDXZ8rwvi12d
CHALLENGER,_P-DtCMkFPOVD6wWaNbQ4E7mxS2w3OOoq58ZTwZ2nWk-4yz5o8zcyoTGEw,cbmjtjljppajk,1102,512,433,False,False,False,z5Efe92WWbfLo5cSYsRnTySqhUjNbfkNI2eYo6KlmLK2FrUm9PPem90J
CHALLENGER,hgu4apCtdUnNs9GV9yBvi2sVIJrjeOnh6HEhBbKwyE7rVzE,호잇이,1102,613,543,True,False,False,ydy3BGqGV3irTuZZ1oL0Pnrk_MxTKKgjWe67QmvuHTyPGJs
CHALLENGER,VHgS9lwswdcwsenVnvU3KLmX5L37-r7FwtayyFEaHCWeKcI,숨바꼭질,1156,1215,1135,True,False,False,j0qMs93auIfNUtXWIX9c8maglqQpKPwl1lsa7VGIXatPBFk
CHALLENGER,o_In2sI1VhBY7ZtkOlLkMYndNw56QvOkfwUjxXjAIHM48sE,Rascal,1022,879,811,False,False,True,YgwcTUvh_zeVVKAGXjOUjT--Ys-y6WMEwD6VFXcLsR7vdRE
CHALLENGER,pQTlEEKm2iTbUyGaEOjA0XdOzybGuEZVdBBhNaL0hnDQKuvD1iS4p5698g,자크헤카림,912,203,138,False,False,False,OL4nZNsZ3zqSXviBLLgqAJGsTTlsGKPOrBpRd_A4cLNqxeW6LA55Yrhr
CHALLENGER,g1Aq2yDK9BiePjIp8QZMyUdKdzgwDR834Ix_1zv_WEDbBI0wz8bAoe1-nA,TPzhao727472857,995,771,676,True,False,False,hq8DRrP9nGlpvHxLTiO548eQWbbXxs8XFw9-gya5vJhcWpYRYXbeESPA
CHALLENGER,fa5oM0VvXR1YaxZqRzi7swVP3Jp3JGbNdoVcvPU-9wvSgjM,VicLa27,1096,933,863,True,False,False,6-zgIHPlPrAZ6bGlE0ueqlzBpdLmC8EeHy4dOkSdE9PVaREF8bNryBwA
CHALLENGER,MvKdbXoPiV0JfyVGiJkAhC3gUhSJqQF0wXY9ZwT88pHqlScCsUM1uDqKhg,pojang,1068,294,220,True,False,False,FQeT6jZgeBSOSmQARviKKeCDs1AUMw2W9KhgpdjjEJsdqZB_rIj_Ttlp
CHALLENGER,8xjOSw27A8rJPWWDda0QkRwgsAaFVnkkWdUxyS1-fDzBOm0,국밥 7500원,931,243,175,False,False,False,bfxGPlD-IPBrcuLZPOIpm8UhtBWiJ1YUyCMu_62ayFW06Bk
CHALLENGER,jMSyurrP4Rc31gKyLGYnAXX0Y2yXlCSjDvxkSdGqA8t9Ccz2,Zoe123,951,323,261,False,False,False,HKcn4zv33gloszUwIQCcqjwgbybHT0Ruo6mdk0Z63Y3FAIvAr4AH-YdH
CHALLENGER,ev4kd3tNAjTnQByWwguxAuvr14J3MgpgUrtaNdGnkxYQXFI,JaeYounge2,1068,602,536,False,False,False,5DScMOvowZq_CXKP78XnW-c7g8kvmy6OpHnzdwwbyXuAFoCJx9fdiJYF
CHALLENGER,JGNSzYPG7qRSY6hqSzHgRHSWA3eNlfUkzG8VgxKGuRsxNpjU,DRX Piero,1217,822,738,True,False,False,TUyemv4QrqJQxuJ5Z9Nn1rJiOv_ZuqAabtGTrV6v5HQTX080plfYRF1C
CHALLENGER,VLeHAm5k9ssP2_LnSnf7i51gaQDdfhtE14UbQwPhcyIcOpE,강주연,1010,572,505,True,False,False,yiTWjj6jLCLNAtfzupQCn_Za0EzVfSahzWUFBqmbYMVeGkU9hkP70CXP
CHALLENGER,ObA9b_EWBBNPELH818Fz8Zkh6Zw0mVddaKf9XLhdVXTWBAhs,가민준,991,1276,1217,False,False,True,0P6tLkm1XaZCG1Y7al0PJ3GlEVBTl1q5LOa_hsiU3u5MxD4YOtZqc3un
CHALLENGER,Mh4V8Nq61ZKYcZ-1C7laahVdZu0JCJuPTXl_XfgFJLK-D4eIITXKZSYhBw,이기고싶댜아,967,435,377,True,False,False,_ZinQAJS8UhFcQMq8CvxAxpvo6BU_IGqTfVdvuKPtRa_42n9lQ9U8JMZ
CHALLENGER,W6k1x-I-tsnay3tXEVYkikt0Lt8Ryrj6QWJH_Sqwuwz5lsg,오뚜기3분미트볼,918,635,581,False,False,False,Q54rVhBaEp1eGLBuWJbFiEKQSdN2kyRMJSjH3Unc8Q3PjHY
CHALLENGER,dOlZCKTerOI3JXtTlyJUcu4tfsT0Nh-MIyta7fH0B1iaS8FK,sryteam01,997,819,742,False,False,False,vNqLZwgEzXp2xyQPlckB0bxc0zN4MmEM_C8ttnu6oyPEVfZ258jKzB3_
CHALLENGER,TowgCtw-2taMKYOKre7rOoKwv0_EX4slwKf5sCGD1TY12g_9BhR6CwNnBw,hxqeyff,1031,614,542,True,False,False,6BzZjqFuhzbmSdUJ2XA-79N6ReQeRhu2UEaWKb-1KFH0Sg9_aNp4yMYP
CHALLENGER,WGyl-unCrjtf5qRjDYqK3jp47AWkmX3VwtOnPNTBY-sFCAk,DK ShowMaker,1092,360,278,False,False,False,EIdT79t_FOyNa3andhkcxvYwwth-QcNlj3HfDbIiq8py4zI
CHALLENGER,jNwqUcskuLimR7vLIWhNQNzshEYK6hS0PJyTPO5CckPOd2M,DreammaerD,1215,553,477,True,False,False,QuAgZDoUgs7DYDgOLs84kLuzS4eRnmbZScSTedSLTbFF_isTCNpw5upS
CHALLENGER,Dji1qO5YdvI70arg_KLp4T7GrZe6aHkYqPqCDeZ-sHj2nmk,난화내,1400,1081,991,True,False,False,GvA3PdMm82YoC5aPsz00l-81ETg2tVXQZIKRxRNTgR1KXLMXJ_3g169G
CHALLENGER,vDI46YQUumHzQNa6cDwI2QN9Mdu5cd9DEgA0X3MT6jT3po0,최강 EDGAR,1062,614,542,True,False,False,NEqmZl_OB-qyXISjNsXImBf4M6d7HfiG_a7RvO3OVrIsBB4
CHALLENGER,Ixyytv_lTPmf5MFoFuCPLv2N9N5QCQGSeoStNYFrhbl8RTI,도구는 툴툴,1037,599,527,False,False,False,Ov1DsGsgRmu1xg3k9fPOaO04g9J2ehdRoxWs45m6FfIELDM
CHALLENGER,E1dsERakfgro_9vmNAsjI697s1NYFZBY0PGuVXZlCcPlbkQ,SLOW Shiba64,924,526,454,False,False,False,I6KUaHN_CQqLQ5AcUSrIjrO69wV_SPjEqIS1MI8XESgn-0c-Ebv2mf9W
CHALLENGER,i004B9dA-ba77VfvIWZqsb5brh1dwHD9VlZ-zVdoK7iLI3AU9ny-UhdlMQ,쏘귀요미,1215,259,188,False,False,False,2T4xMPdqcCWPYfBUqaAjq9GCErk7CNjlhVjEehxQAwWZG0PDVMIfvHB9
CHALLENGER,H8l_nmR7qfhZy9UoHz6nyt9xjMSLQTv8eeYd7R1Thua7fX8,정훈이의 모험,939,346,291,False,False,False,ufU-jwy2rywCHZbfS10xoCwqx09sYDc9Ub_2sh2qth43t-k
CHALLENGER,lFfhpXwEpGWAqDo-qoAWWD7jFtgw9vo7WkhfJ7iRu-XEwZE,IgNar,1041,901,832,False,False,False,hpurQ6xa_i4gNnA2zVwhU58vz2dJUgdAOAjrq7sZim2C
CHALLENGER,yeHgqrgLxr7aTd3P7xQwXwU4Xtao_UCFR2MWne3KHuP0XF7HCkAzlBAeWQ,DK Bible,929,285,232,False,False,False,Er0XIvUEHpf8-WN5ToaGj6laNENvp6FEhbQ_ws859rA6gQP3B_Bg6wFd
CHALLENGER,94aAVeI6CYx6xZOiWU9gPkIUK6sEzKPxXotuF2DzYmfMDvo,Quad,971,343,274,False,False,False,nXXRBZX7nHtJXxlZDtCeybncEiVCUw7i6AmoO_02EyQbj7C1IxWqVGx9
CHALLENGER,qRcf9HSJjaXwRlDxaq398VLLpB1NtOxlNoGTOJtU6WjHZzw,dlwlrma30,969,536,442,False,False,True,5rexhdZHF3-ZXLrCyv7WEfJUXdmUGckLgelrETCNFCuRPUvq1yWrLOju
CHALLENGER,3lL4yp_DJW8ef-nM8GP2UdIiH_aIA0rz-E8O969mtG5nt-l-9Zs8k13T9Q,내 지난 날들은,926,358,290,False,False,False,7OL4kJKWQ5qzDMHzn8eG6mHSvZ_ClNdm3q1a0qHNzktxOIASpF9U7ZHo
CHALLENGER,9j2LYQkZDr1KOGGJ_1nMXrMFJEqPQBPep-tluCP0tDtTPPSC,Pangsu,944,1016,951,False,False,False,GUBaXXLX-7KWqehdLvxrFCLEUPtnNJvnLyPzdH1ITadYsEeppNBuk4HT
CHALLENGER,pTX_QbJO8JMLm79EbIcYITVhn4446fL958W8rnyny6TBosEFqAyX2rX0cA,Enosh3,1126,925,834,True,False,False,cTt8aRW7mHCmxl1SEVosHsFTulzmGY_9Zi-rS1PPPStoGdZxi-RyDtI6
CHALLENGER,0j_LLLYwMNWN22ze-MzyMW2ghp5qEPQepbUtlK7V9fTe8Es,Kim Sang Hoon,1000,463,400,False,False,False,1tRUVoKsaM_FYE--Uvhb5M_WDksmpPvztzpyld1ey0kZoPc
CHALLENGER,kpoyhlGGpmXOq9dLv6bLCwdp-LgIE949Mcr9sOiBr6_pysw,Gen G Casting,1001,794,743,False,False,False,wTB14Pi53rOHxXAWoovGvNFUOrKetXXYj46l4PoynlBJp1RNp2Llu57W
CHALLENGER,y8tEwh6iPzE9ZhxR9xhq5VzpbrtOkGL2ftSMtwbyCwF4tO0,kiin,1402,298,209,True,False,False,auXejlXPjnKpd_Bxkyf1f88f3HN_bWAA1KxIssl5DGeYRDs
CHALLENGER,TxRqSnQyer-DAANH4yULL8toWHX264pihuTGawXOus_SMQ4,qweqweqwerrr,1024,361,304,True,False,False,e9hPHl8d7-JHuC4YZ6btV8Ys2noZgG_YzFpHtNy1-qmftBo
CHALLENGER,iZQW5Ve3LjiTRCyPojMGCXEzivkdLpYLT43AhY_Ak9ggZA,언니우기,1107,297,229,True,False,False,ttmo6TNltfYwENtOycsNqqovNJdyNgeqQxvo2jmPDkvp
CHALLENGER,4nLiwm9m0b-1IO6OwmyucGiGr2T9aTTAvrY5UmE0nibkWos,NEED HER,958,762,700,False,False,True,s0KyYo6Ocse5UCRcR87mui-Ee6ELL0MfR1IiyHbh2CpG6dY
CHALLENGER,4jadOOByP9QqryKkmIdMlHHAg9nsJjBrMBLzuN0Qx1pQb-2xvgibKaWRUw,Ssry My Bed,975,1174,1122,False,False,False,IRzDaFTq5ynZOU1_N8qeVwJfcxLW4pCm57dEeaVCnTlcbJwrlIipsjUx
CHALLENGER,-7LGGIJqMJxDSLhhh9ZQzT_IHprPXc9qmWz-LMUa9NDGgJE,DK Loopy,929,988,924,False,False,True,Hjkp94c9qKR2RXfifqqasQfpm4N-UWS0A0sXroNr1GwNWMk3XRL58-wO
CHALLENGER,pE2kMl3_w1IFkljyHmP0OMorXhdqF5s-qEVOz_66Z5AJ7K7pkINuLwwZlQ,yeshubin,977,266,196,False,False,False,Nj1dvdd830hlYmRt-fIamUW8rzXiCMGsYv3U_vK8_lh0lIueU0zcBJLV
CHALLENGER,00MTTYHckR34Ftmg2zuk6ft13SBjzWmqTp8lKUpwGP4QjSW04wYXbFcbCA,aaw4,964,380,300,True,False,False,zqtydGdtCz2Vgts000Y_ZK8FmOPgCaWSElqYSAZqT9bsK6K1PdFxN6C4
CHALLENGER,kbq-xmv1mzHxTYxjvyqjbYVxGdLmCHk1y3fW2p4GaFHcXPxWQPS8twSTow,Cry Outt,979,224,169,True,False,False,jvv8-HU3MeaYSv7IF6b6lQYni7n20tuY_rx0oyba8QHysHdSOWCvHK2s
CHALLENGER,5YLFD-6MATgS1x7OU205M-r-WeVr58EIfWous5nNHbYv7CY,음바페홀란,1040,691,626,False,False,False,r6xylAeRpQ2C6D-6ytfiWDuexCnDI82XSXQiBf8ww9uXPTqFwdfc8KXv
CHALLENGER,gdQtLxIKUasegFrCd713EdJikaq5wXivzVP2hQd3QvgNUCbAYY5qIP6HTw,몽키차이나,918,611,558,False,False,True,36llcpFtAmzjBSUvam56h2rIGXkOPwpak7S55brGRAzrE4FJfJOwQnpF
CHALLENGER,T37BdnQC01yS395mJY9zzzzJEVlmybuDjZtYV-vIC33RLH5Cu4-yTr6QDQ,WBG Easyhoon,911,354,312,False,False,False,4kYdcoCYLH8VSzO9NNyecy_BkyZRmfSJ9F7fszsI6lMUD9KaiRqJ1cG6
CHALLENGER,pzR36ZAB1uKlo5T99hIZ1DU50kSItaEBxhrtBhBNNTY2d87mNWTNTpvvwg,Supreme01,931,263,200,False,False,False,e6Ixl_dNx4R83TTlvOTJgi1YUutIhkzN-5AhwZSWsMkWcznb5AlOInXk
CHALLENGER,ibZyIEDq29rZyFY6mCtRraF4cXKUshaTrzBom-73a9j2gA,갈과 배 음료,1020,1411,1343,True,False,False,7wo2W7kutKlDSYAvUiQESomphZTDRRkRw7tmVLXaHZ5Z
CHALLENGER,D85-RLQCI_FmzocGIWz1et0kjdG6FJyo-vWDWLu8nDGsJ4IUU6j2wN775w,Reve Bonheur Toi,995,396,332,False,False,False,NpH4W3rMAaMnvUiPwnAY6kACbZ-cTyF6PJewLl4x7YXR43IP5klP3DTG
CHALLENGER,shnpBtCunbpFZPiisJ98cezjPOWVCKfzoGPwBpdrqaO21xs,땅우양1,931,500,433,False,False,False,KwY-irb9521zzMwSGTAN3TKYLy2IeMLbudV5yw8Jqp-EUEM
CHALLENGER,Z4_pu68YjYQS3pP06o9WfqYdbagTCqun6wQxoyxSqGnlRIE,zenbukorosu,967,679,599,False,False,False,Tjjn8zRbglBb84HseW1Gy1Scb5D5CBFtydl5sgcuSeVwRMutXCUD4HUr
CHALLENGER,s1Bct95mP9Ud_BWrHrYjCw-8prGIVkDwDlVAPHI_zcpqNqs,그땐 그저 좋았다,935,345,280,False,False,True,raB67pVjFYTAMVgdRnsPXLFVdGFr1h4HNUoE_ND3_srRI30
CHALLENGER,BlwAzs0zqynZFAh9pwHixe0jAY4Kuc61Rky_qW_1YYZvz7k,숟인데요,928,287,231,False,False,False,sFWYe3stqKTWEcfpzKNGpNBLbSQAeHB59HXRVtNcmL7_Vm4
CHALLENGER,HEUzVFD4hRbIL--h0sge6SnrHr-yp-fpGUUmcc8oxTPdtXyT_BCdgXXKZg,연애꽃1,1043,231,171,True,False,False,1aXyl7LAUnwYfl_donYuUEJ6GWy7ljYq16wAiaSSH9uHl6LvPg_FLuCO
CHALLENGER,JlKF_MeN-nSaxMXlK8lqG957Ij0QuRkIbYNbFTPPupQt5Vf-1QlKGGv6Gg,qwesadz,945,969,893,False,False,False,Sl42ZE306RXa74zxa9sNGn7zo63pP2A8A5K4qXvuC9OpxeXSiACMTWm6
CHALLENGER,nT4NHJV7_8RqS96IEi2l9Ii01JlQiGaiX_0H2zaVDtI3AIw,LSB DDahyuk,941,1316,1263,False,False,False,TrzP2uGkY8hQiypfgrYbc6pEXQmwbaoHY5bIqiPFHXqJ2XZ1raaQ3-NR
CHALLENGER,eQbSlYB1XaMXBrsTpfZT93SIZZ_cZ5qyE9fC0mSGanTeS7H6,변정현 굉장하다,1151,272,187,False,False,False,9gl-xuPQ5n7fSUs9SbTlN5eY5FhA1E21YUW8JKdERP8hsPez_VTok2hw
CHALLENGER,3YLwSm7nQGITr210pnuu4kQDJEhj5G1-rE3wgLIsYZw8jLyHs_CsKSUw4g,바람부는언덕위에,1282,537,450,True,False,False,BmveUiqHtFTV3y-7gab-8ooAiYOwC0awWcn4vb-hOeIfYRQ
CHALLENGER,XXowODEANq9wu71SrVikiy8uqpg2OAakj8FlKBBoDeVOKlU,한화생명 로키,921,1185,1129,False,False,True,6ca6bVIYTNW1FCNm2JbHYbbiHFGdDiE_ocsV4FnVvZyNkt6AmJ9ExXII
CHALLENGER,47fDULXUVm1zqGW1BDraaNQoAC8dlobUknk2u0TlOcZsdg,Twitch 다훈갓,1024,424,354,False,False,False,EuogEbcNoMzxu1TVx2xoSNEdqer4Q6B4wI_awccWBkgN
CHALLENGER,_nP17CATHwT_RqgIYa_Mlj4_BFQWrab6I_6dHlfTnYx6Dyw,1성 남작이,1418,400,282,False,False,False,2OBD1lHb71npjxEboPqKPVOQ0V0CPYkarrsg_OT0j0-0a_9ccwu1g1Ly
CHALLENGER,PX-3lCkSIjUH_L2N23tJPsxPbrAwuy_h71LJD_9YlpjH6z8,KT Castle,1270,742,666,True,False,False,IHxjdXnqrxGxMV52-sXtOljjNiHNkzdXVN8Id48pNfiSElY
CHALLENGER,_c1AR9KeHHXJNWWUYgttzYwl0aJCI1W_jPDanAdUxerGoyUSd46e9GhkSg,221124,919,209,162,True,False,False,DnwtvA_BmIKwnKTjT13HqalJZg4u2fYp0Xb7y5u6chCc8_GBr6r58B-N
CHALLENGER,CdjP2YR1l42BM5N5_bh4Fx5gsUbb421OjMtc4BjfvdAIysSU,Gen G Zest,918,863,804,False,False,True,crMfd9uPWD7CsNFXf0_RyfHVtzxkaMcTGtal7q3hCK-Z6rxSpaOFuXBa
CHALLENGER,Em6vJotllSJdmscClTUerL7gTzRyvo6UE-CuYDiYHlyFgw0,어리고싶다,1056,937,866,False,False,False,XUH1mfWPKdvXV56JPffCO_Pu__3H4jJREvK3NPay0_VSyOs
CHALLENGER,biz9cF4MsniMsKasZIsnHPsiiGP-Yhgc3dX1Mu4ogJhRlA,물다이아,923,336,270,False,False,False,V4zojeAQDdDVCNAyvB2J2k0t9jiEcBKVsnIoRlc8zpya
CHALLENGER,9Re_n1Z_--rTk2wLW0QFeo1g7LupmrN3NIS3kWkilRh_0DNPTHc0FMwS1w,원나물,921,144,112,False,False,False,XEJZ_Zl0YHvzt6S_2qVKaTAc9EXBPUzR-bzb5ug7hF2g5sfLlc6dqGIk
CHALLENGER,HR4lWmhuKu-sS0FTPNDTAVagBR-o0jvlsLeLYpjzzLfNsQ,별 수호자 김인겸,921,210,146,False,False,False,xacd1G5nSEAe_JDueT6BCPYL4s-tlKYmeMGPrnU2A1Tk
CHALLENGER,nKZ_cHjxrcS7TMSLj2UAKUVXUdzO7uwsSXdx5oK4FXn1S4A,Honpi,1017,1280,1218,False,False,False,YqLAfLR-0BA80vQAqH0j9IjD1YGuXIA3M65oOPyfZsICu567ROZa8OUz
CHALLENGER,Z196a9MC-pzREWAtYrruMydcT6dZIs2SQpSM6lcO3oBeX8KiuqWoSTJNHg,2048413,917,476,426,False,False,False,PC3CdYLvxYBCOTn00_dsXnfiF9L-pIm7lM4xQVUAe5r8LSDFU3hLe27O
CHALLENGER,7-n91MYcpAgzMiU-PPN49FB_GYTgXhnGxS0nOdaSgElq-g,광연44,927,289,227,True,False,False,43yuJRrvRhEPvActbKbzaYy7gBHiyEbE09-CN2ohV3P-
CHALLENGER,HA3sRsmor94YU26AIJKcAmUUAstNc81NicOtihOZe6R7hi8,MUDAI,912,758,690,False,False,True,b-eBXwbG2GUJ5Hd4NKh7nN2h3qQcwc4t0z6j-Kj6uDy1mjs
CHALLENGER,YsH8MTGtwUqrdiexJboMmx0m-ZDDeYgg9Dy1po4locf3lyw,다없수질,1158,330,262,True,False,False,xXYc5UUPipXw_UeTmeMrNaEwy17rfZVz9LZiM3CpnunmEss
CHALLENGER,etuuWw1Di3S5VoeEnFERzZpsJ_85LUaiuq4iWYVlnxBwqS4,이렐아칼리,1307,494,406,True,False,False,UkALT1BVSyLvrtdjRDg0On3tKypgZog9tvXCYqMC_DruFix2oTHFWIn1
CHALLENGER,2e0e7q9mQ29LBhm-Oh2cDWhih9SenJ2Ka-wzz_ILtlQW7-0,ZzK1,960,518,445,False,False,False,gtmBqF_OlUnED9-eiyt4UfT3DBTytJ1lNcyRgLwoEPIILLE
CHALLENGER,dPQUEafo5KkRadFkMNBuqBOOKWXxFhjb8OzMTEmWDP7J-Tg,코로나시러,909,321,251,False,False,True,8DkGkpzDNV30iaN7P8NSdMtX6Q_3phuAuDIofSY_i7pzEL4
CHALLENGER,11f_7ciMQMd_JMN1vkEjNcWWePyRFMwQbgWjZlbeox03o2w,BRO Hena,1371,1339,1235,True,False,False,TmeFEM0rcHhmws2EGakasROp-WztXR86MEug8Pa8bfiixio
CHALLENGER,WkuTVy5bHA_BMoHhlewenSW2olGz5kolx0iVa8vIMBCT1F4,Clever9,930,519,462,False,False,False,VX5zRFJ80DLhcYDlymC_NIFFqXutfTb_6M0TeanM6PXlPWQ
CHALLENGER,1XqFN-kiML_jCpENQyJERVYhuwFx0QLDFODtX-H80nvcnGF62yU1zMG_4w,담원기아 루시드,1432,160,97,True,False,False,Wmz09wcBHsMlOiz7QyNHwD_f5Gr0HOAVpWgtBG6TNU1ZT9rpROCJgHT5
CHALLENGER,nN7WtvmfDH7XZ71GmTH16J5yHXys3J1nwFWuj49KIMgapiEk,DK Thanatos,1140,836,754,True,False,False,9TS8j_CHMz9BnYLGPQ8dPHl-1Z2vOZ5oOonuc9So__t5S8-vSpHQRVnr
CHALLENGER,KQlOiWvUTCq6xrkSVAHz2FfLD0lXfpU-pbUcrk7jKX4IMzw,고 인 영,921,992,938,False,False,False,_iRZ1SKG0FH92A3kDlozSlXRO7ZcusDtqYddinM8Dnu1DROx3MGvM8sx
CHALLENGER,OOIZHtoqDFVLoN9rv-mytOoAl6jISh8c5xx3_brXIlZZwL4,yyzx,974,968,910,False,False,False,illJqrdXamiXnSX8CiEEO_SqbjT0NT-27F05s13iGrnGgDk4T85oV61F
CHALLENGER,FVoBeQTBZC5eMMAM8GdYICDdiSPX08jd1nY_cTq2bgYL6RY,zuihouyinian1,955,331,266,True,False,False,P4fOjV9woUo1MUdUjNqBvBx8xG58HCpVR31ia1pDF0l39dz0v6o9oMFX
CHALLENGER,3x-LgAt9BZLO1TT-GZSLDv8ijj1lIysqLJrRop7mCD_3tSY,Flame for you,926,298,240,False,False,False,r8V-Pwe3WnbeXG30M6HS0c7Vbq8ODPXXiY-79jH6BgcOQ7g
CHALLENGER,glr8ukwhuubeInuBkqyikqasA_NuClSV0DltZyuELDTUDg,댕청한남자,936,393,335,False,False,False,PmbIVvSI3w6gVyFVOn_Q2tODvfgZH77qhIsPyOa0b72k
CHALLENGER,xF4ugx7FQefS2fwGEkmzyuu8tpMR5qF2ZDwT6r75rmTRPUEdKEaEp4WnlA,초음파받아랏oOoO,929,230,181,False,False,False,N_P6LeKD5elgr3sjpG7Qty-Cv1e5tl1xswySalrFXMPvkjh0P5BQ90rY
CHALLENGER,p9P_d-f8f-kHgao2arglrLxA8C5ns7EsKN3aS-YP_Y6CHdA,qwerquid,979,1409,1350,False,False,True,b0dw0MmzQX3YYTu_1Dpnv84GzUyH4SmKZwVkwmaCnPNW6TJ4sg5dRi37
CHALLENGER,KaC_5V8ajdGpjL5LhHBmviCbvPewXbKM1KOl4qA7Qf4VDSM,어쩌라고맞짱뜰까,1204,787,708,True,False,False,qeV80fVWS7kG8AgPpTEbN7K-naz0QiY9pP_9Qz_VQ53jbMM
CHALLENGER,CQjwHkMdghPWZfoES83kQ0FDqxD1D5uZbThbPrRIJLKd8Cg,lianbaixia,1035,263,193,False,False,False,-5wP8wSlcYXvv-9gO_IvQlcz7ExqqUbkEcmcTuCMcvRqwWk
CHALLENGER,7CvNubWP7sjOGd57aZP_g-LFCMDE7T3bqQfeQVv-g-V6hMc,vancouver0,927,667,600,False,False,False,rrJRf6EmNZdO8iNE9bYn80KqgNMRohaM-rp7IdpUaAgHwlY
CHALLENGER,t918ardbmIQbGI_W6-Bk8wlQTGHYzQu3Rt8I513fNLvKkWU,KDF 태윤,1503,527,434,True,False,False,e9Mw7uSAmIVzpGPH88eFZiIbIZsfpHUb0i_sR8SUUUQR2QuzXA-G3ZDh
CHALLENGER,dXejXb-rgfmDL5BIOrLScp75BBYT4w6VspMXKStp2T_gROM,이야공,1004,176,111,True,False,False,fNKwhZJGTNqgBMoLN4ab_NMg5eJK8utakPAwS4Q2hmk3jTg
CHALLENGER,vJ6-4amUKBV9CCDgS2hJ9ZyZlusUR2MRQIukPhGHXYUwnhQ,KT Way,1416,375,288,True,False,False,F_Ee0OYu120gYQruavNzUpzEcGr1b_eUL190XE3AG7RN_pU
CHALLENGER,OEhA2iS9NBDT0-PObWdonuaJNQtPqJuUOy7dxY0z85DV_Qc,BRO Morgan,1270,383,295,True,False,False,hj7t7ddeBXImC9hNRWy1EYcX-Axtzv-PiAQuwzw1JzF9eIc
CHALLENGER,5_KUks8JwIjuY46hs_WaRTJOU7VSQ-74hkClQq1qor2Uvms,박 구 원,923,383,316,False,False,False,EzDReT9W9ydaOooe98tmS8o7YUxD294yOJJmDPnVfnJR11Y
CHALLENGER,PBalRQd0me55dBe2VlCcYkvEGuwkNS34BYt28gWz2VQ-a3kMT538Y9o9eQ,청포도육포,1112,454,367,False,False,False,8Idpxu4hSowYg9tCuozm4p3Y3nMiG2-izXgsvF5I5E3yJE3HVFtLBHV2
CHALLENGER,UBiYqIGs45Wy_jegxzBsURSHmidMvT_H8N2X_VMdd0OLqm8,조고마한 달기,1014,255,200,False,False,False,PXW0aCWcEuIHTviaIpqITIlKbU43265JbMwkbvtuRuC0s0M
CHALLENGER,XxoRimHbh_oEuy1I_5QQrBwCucnEYwDLY8hyaNySWIASscw,ouououo11,928,364,279,False,False,False,zlWI5Ra4oyq-sf5mOWOqiSKTGayPnrxgKetr3w1iZ5OKWdN6n4VL0kgz
CHALLENGER,Tm63FWRPOI5dXATMzWa9hfB8XvexLJyPsGJ21M3qJZxzoT4,seusa,959,535,453,False,False,False,L58MAvf4MLWvhbl4j2ya2zYid5mVU86NrXaw_5PvIoG8HeI
CHALLENGER,vJy7Sj7p0cp3kulrxFCjEedFQMFSnhGDyissn1Zwu2WvDn8,qwexzzxcsd,915,289,234,False,False,False,j9rQpaBIJjBfxcEWvYm4DVQIcMFeuYgCd1VHjs8mE4fy82s
CHALLENGER,bZqZ9cahiV63oLTdnAOT5jh0BU-yF_s_dmpgyyS7DTD7Ekhg-slX-UWaqw,wehui,1105,378,311,False,False,False,bY5_9cOmwBkxjkKK4xX9zz8BTCAL3lvgChEf2jC8UZSc6iPx_4LeF8kQ
CHALLENGER,bYumoOwyPlRLxL5n7bG0QTd-P1pWXmuWnregnlh9Xm0PC10,아 좀 맛없네,1013,946,873,True,False,False,MNAQdbn7BBWY3nFez7xwzqPZrB6Go1g1a4AxQbQc3HBlpWy__2fhnSew
CHALLENGER,cGdt4AuJJHf57awO21I-FJbk9CzShKLqOjdOwD8eWpoACTCSAKf3zgiP4A,T1 Photon2,1011,460,397,False,False,False,E6nWSFyHKt1_LbD8TmFLnedh8vwxE28kS6AQ7rt0DyyRFzxZ31OEKEaa
CHALLENGER,p2hC3N4rtHzWnoGju_J-7EezwmmJJBDxYbK4nRN7ATZyppw,은가뉴,1269,422,346,True,False,False,0hOR28YqUsgVHqcjyx6tBZhw8oWh_HpcV60CRGUY_6J2Jvw
CHALLENGER,6qAY7R6LIThw0_fdJMXC6uz1GBrrQuhj0SdbvVcIhJ6UzSRCv7JZynQZDg,QingQingQing,1057,513,455,False,False,True,TK2IIfEq25bhaP4ctGCoBtRfu0h014rdSKqt7m3FZn1GKktCLSQlEhtJ
CHALLENGER,S9Ez6qUCiDaw7tuLlhM9hJOBC4BlZs6BuvZs_slr442Xfo1cwMrVDYaUog,small champ pool,1037,765,715,True,False,False,j01Hro4PVYYwQPE6aJHKeeEahr8XFonfrWxFsqtAMFouX0za1M85_T5V
CHALLENGER,ONln5-WuRZJcuSWHzeFvlmcc4QLmvUr3SXx98f2NNiTP1ERANt8G5RFTbg,족발집 막내아들,985,712,645,True,False,False,wFGiRvS0m37vmbdF8Oo3iC-BqXToBoaGw_SFZ3JidFN9gRa-6b6rmpti
CHALLENGER,MLqeyRIKAo2qF2KOxz8zosOXejofbC5H3JAPtFoZUMHO3Ng,렐서폿,1059,209,137,False,False,False,UWm7R46AlRwQT9pra4fnZNwOI3cyEjAG8Wl7bvsINhiO-JE
CHALLENGER,YH-yolJ1T1ovs-QnZZPbGwgobPJckPk7VRUmBnnsoDH6lkw,관 모,1237,1261,1176,True,False,False,VwklBoAHE7GKpA9l-rmROKMMJ8mZCjHaZAZLdTxUoNfbNDaxiS-MEW0y
CHALLENGER,GAh0IzcRHwryUmwi75LAMS218c3KD5d5qGL3Cj16geTCzw,존중겸손아닥집중,1189,502,416,True,False,False,qgOEYz-K332KOWXAxsoQEqAS6sMFVjoqldMjoRU7-DuO
CHALLENGER,bdoOp3wjP8nx56w2q7botJUtw7dYUMuvMx8yyGCTU1kWlmU,Kariszz,1148,531,459,True,False,False,Bm6ni5VvcqLtqpAHjllitbDOnCTflNJ2Qa4ZIByO786pSlu7DP6hke_W
CHALLENGER,LetsQRvzW7BSIKoICw0KkL_dxwZ9SoHU9KarPGtNmFY14g4,눈이 좋아요,1108,1342,1258,False,False,False,fOuaq87M4OgkHSsb611rXVl65PKQV_xrKJbr-qWBpqRurPoD6ncFLa1a
CHALLENGER,PXjtzh24OurwOpkVGZbOOmQs64vOkMWxbpEvwI3tfkpyMq4,kukukukuku,1030,591,511,False,False,False,X8g6zNkCRfPcf3E5ZfRfz2eP0OC6JmlQtV9LhzYT_UW857p6Wo9ndHFe
CHALLENGER,N5zMRwG0fUruQhRIru8cjdwsSoBFUCyWhK4mug7QiX-s7l6GzI2LRTENJw,허무하나아름답다,959,1029,956,False,False,False,GELmA9IexGCVJIIT4F8rMAav_OPevm8zxAZovJg268XMnJGDRlNY2ndN
CHALLENGER,y3h_erBTCQUWxyjkdBUnBakkJXixIrATIe1ABGQ4ByyyvcGWLsahWQ7uCg,laji fuzhu,1061,534,462,True,False,False,hgcfIQiMcGJKsr7jy8OFfr7bUEN7msqMuKOmS-OfJ_yKc1EDIphVGdp-
CHALLENGER,AOpFLn7zVdqeAX-dTq5Of1aeq4WljRQ7fyY1trAfgk2VTKs,KDF 영재,1172,776,696,True,False,False,Fk7Q4Ux0ftRE_6kRp_PwudKWoEvK_4ECxpdVSGH4Z6c7OrWJebcb3OEZ
CHALLENGER,xNfc1aLzzFnNWIa1Qs7oCXsLOVvNDs0RldVq77I-usglnlk,Bulld0g1,1273,920,841,True,False,False,ULv0kPY2i1R8aJaTUFxmRvnoqxt0RtQrrPueW8W1UCxX-4s
CHALLENGER,ZFIXM6MvQ_GaXk92-UnU8mT7qw4qILGx88doU9bY5uvMHkpa-iq-1jbEkw,wqeqweqwe,1007,142,91,False,False,True,UcKbAu0dlJiqVQ6PYnymrbBDxJifPfmIiu5qAtr2LKppbP8_onng7q1T
CHALLENGER,c804xEzy8L9lTchQaCc4qYQ3U5wVlbf5JbagtGnosBVPpro,쭌 베,1118,722,651,True,False,False,oMjRBS0TBb1V6TAxUxslP2xfHMgoyUCZq4PkXBuV9f54RNA
CHALLENGER,4uoBKw3GAENARStG4CNXOICUh_KC8Whz6KXywWT5mz-VFxc,peyzz,1154,847,763,True,False,False,yBUwddC05kG3cNI_2fZ0BJZDR5iVB5x6cObiFIQ92fraBmpaZhjfbLtV
CHALLENGER,j3W3SWqEhUwhiuFHWRuZKeyVM2Gg6FDCCTz_TaMc7WcPRaA,이솔데,949,410,291,False,False,False,Fbxq8fg_LZu9dtC__HN-xfH_7JHmSdLuFiFvBWFMINikHGU
CHALLENGER,Jf6QpQRmYpXOOCGt6lHM1iXIyGoTOee_nX8V7F2epSh9MoA_QtAk9xHFTg,Erilia,1031,318,261,True,False,False,f4Ky0kLFY90khqED3EliQh0-jm5FbTSip0HoAcf_XuU5yCgIm0q7POhE
CHALLENGER,gs41lcjhKsd66Ww8paml5_X9gRnNLHdZaPbcGrZ0aq1CWA7OnFPA4nX6AQ,열심히가안돼요,1041,120,71,False,False,False,dz8fnx1JNWQK6gmEs_TavAIwJ1IG3E1fogDAT6uoS_crvFJsF9mILt_D
CHALLENGER,L44sm6yw9MAxNEJ2pj59KzmCdkTaW6PtRoQGXfP7b_BMtRpO,수희0,1000,309,251,False,False,False,J2YtqvzLZQ6eOVOsykUTOOba5CZdEQjOb0_X_CDhi5ne975jrPzJfp6Z
CHALLENGER,9FyUa4dii_gw5rx0FrPvY6RIp657Pd0QomkNKwzSqi_MSM624LGuOLAHSQ,tripup,922,118,64,False,False,False,g2Rc1ZGNUBTeRjrVk3YbCTzrZHLQ2PeYzz1MlHxYXFrFeeTshRC86Baj
CHALLENGER,m5vqxXQke_LANNk_WJ_aHLaVpfVCqTZljum_mlIZkp3qw-E,Summer G0 Loco,970,550,486,False,False,True,BVoQSt8uUOiMTS1sI7m8Ujo9DDwIXkpW7m9RIlRzLDx_ievFgRPD1EZ9
CHALLENGER,DMLboCo71YkAnqHp_r7uQTde8sQjeD0iERYdILfq52w90Ug,Life1,910,585,519,False,False,True,QF0pLdFZpNJz2yLwzC2s5UVmNsZNDY0QZu1rAveXtWY7ggk
CHALLENGER,qdJvccuL7tOW_VqPoioWv64OV_-nJYlAUqqS5X5NJOrlLq8,Celna,927,650,589,False,False,False,ESdRDOV3S3m2wIItPoLMhUazYaMuyY32-HIcDmUncnB2inQ
CHALLENGER,SXVjNVYpxsGfcK3Vog00MRl4yPZn1z_2XILId-D6kipUNojWF0jwHjSMwg,123123321123,1008,390,312,False,False,True,QmmN0isZ66ONgPFv5NL_xHEJweMX6ZJhGRFspqoc5ym8RY5YVCvalLJ5
CHALLENGER,tQALsnHjpCdQ2qYO0EfXoHLqBb8WzN-_JtcqyzE4ekG74_Vocg7esEEAHQ,유상증자,1016,227,117,False,False,False,kylQAquAKWk4thOW0_YnjzhF1l-QqwT4lHx1HTZNleo6
CHALLENGER,cDxctgF0hFZw8mqwb_icJZzCkFE36DrPpzjNvPaqQAjO-BY,fk the world,949,861,787,False,False,True,f6dnQDiWr0fgTVNIhSmsHoLLCBqLR8SpILC8B2ZYtoi9U0OEceBw1kDd
CHALLENGER,M00ZNBv3vF5OFz55bA5EjiAEOcEqPuOKo4tI2bcdzkDSceI,boongwa,946,680,617,False,False,True,aNObPY5I2HrMlHLSdNpljkDRG0bQBvXjGfM5JkD8_I9fkzM
CHALLENGER,Gg2GZ8Ki1huZ9IKRzqpCbm-U1zlIRVAEoaVDeOxppPa7m0W-,T1 Smash1,1151,530,454,True,False,False,HM1JBsFVkuHqCXl4r9PoB1VhbzykSL2Z6q34JNkU0Zad-l2K25lKAh1_
CHALLENGER,lZAdd9rFnKowL1OtPcb6k4tm45ENBSRS1DvnnRdyS3hsDaY,전설의롤1234,1077,374,309,True,False,False,83RR_9jA-vcNXylK3NvaaCaRI5ty_DhiDQvjXr4cNMq819E
CHALLENGER,jAtZR_fb4xc46bEhltUU5bCgBDVsTJRTRNXytjGSTtAJJr3mh9zabmD9Dg,Gen G doK2,944,186,136,False,False,False,c3UbDkebsanZ5PSknaYDS7gs0ZPvns9AxhpVh8eYL5yK82eFPEzB1Z00
CHALLENGER,MlqCuNT4nPYG7Y0EUVjmQHVUMUzfzpJozlKeKe7c2_h_xOM,zhouyudagougou,1004,666,598,True,False,False,9GqfEhFGj2PL0yuP4HtuhGAfib3jrdhSOn4hk17EMHbB0TaZ7nKbwjzu
CHALLENGER,ziD-Lnf3cdHpmaQpEzw5-sjzDguBtqXdf7NqyotETPWGOiGNB84bHLodLw,경자고 김우민,945,459,392,False,False,False,6x_6HsVeeHpQJeyfcJz2TjFfmnMcZj7NBXEw9gKZsnossN-D9PPYGFux
CHALLENGER,M5BjM7gtAjk7moPpP8nzkZIeZ37lzoz6GXUJYbD-2gkcMxc,꿀잼사과잼,924,426,374,False,False,False,5uktZCuzS8xUvfFyc53Vx9L-PX7-6vvTKn5_TSOP_w1mo2g
CHALLENGER,JWESaeAOVRB7w8NCz40IXOIpuGx5QqP9GG3DYYD84xH97RtQPCSL0VedXg,rehcra0,929,521,478,False,False,False,SQJzuiQhQPb3K6w-A7jTKaLyVEvrUUzWqQxYo6zi5vVyBU92g6_VIw6M
CHALLENGER,B7d6BWntjt1RVCz_IfNlTo8Bvm4byYbjKJf9kp59A1ivx4AclKjoERU4iA,oh my golden,1101,261,187,False,False,False,p-VQG1tgDfcowh5JjCqRstTnUyY7nPqr9E9_neO9Ojg9jemEmVH-1Fur
CHALLENGER,w0uT5E4-tRNC0Vw6lM3XGLOtPMIRRTrLHRKshXvZVsE0Cg,ddoobb,1066,160,95,False,False,False,8xEMO8K0iu0zyrAcUZ3OZuQRIPd00I3ctK0IEBkblHNf
CHALLENGER,RpvhFS__SNlA-zpcqAWJnHuUduN0ejLVL8hhk62tYiTDoZ0,Just Again,949,359,300,False,False,False,GcHrDd42SrOoiYWitqOw3qGHSxqWRN7_iTozvY9-30Ua7Hc
CHALLENGER,AUQdryYC1Dr24oQmqobXmE66t-Z5vMdD4iFbB3b8lcMS4PQ,Every Sec0nd,1074,655,592,True,False,False,4ODsNyEWS0RPwNadyzSbtMs_lN-qinb4Asyb8NIaMYvmcog
CHALLENGER,PN-fhwv1kyIOBYcL-PDE_Oj7HIq67klbEGXK9rRQwBz9OD0,SBXG Clozer,897,759,701,False,False,True,JgH9Uyov-Q1--J9ZUs_6aV6Qg35glFnm1XmJ4Hc2k-srZ_M
CHALLENGER,Q7eFeKQ3p-Bah0r3_9Lw2Iy0prlF1ECacdgIeJYQoPr28vA,솔랭전문서폿,942,636,575,False,False,True,tERn621QchGsh-dsDbZRa195boM34iaYLVMYGSM2ilgoUQo
CHALLENGER,tdUjJXR59lwwesPAOj4VZXOLePcb_36E08mIOMYDth6rYR0,Jett0,1372,632,545,True,False,False,YRBBL2FR8YTHACovokLspJWTEpocCnNNoLtRs46OiQ6VAt2zn8c9wz8B
CHALLENGER,tHmlIpVBPuqLkMVLjZujF-8PQUyu4Q_lqJlEABZDNcx7Bqlt,안 믿어 사람,1111,836,732,True,False,False,-WEzsYmXaTfV4oy2U5e2vH_pUAJU_yCqf7K9suB5uVN-lPi2wq3EFkTH
CHALLENGER,uKnNmqvAC6ebWOLuUMdSRcApVhiyBqSnm9jnh3x-Z0eKQn4,사 용 수,925,463,411,False,False,False,lILLcqZj2CV9vHfijyGKNyqi_Q7Mfih6w5LxwZB8XjgIMT4
CHALLENGER,H9KwEnMZ8Jsksa-7bJDwAxluxOD4lgteoLbgRqBQaUipF2o9Ve_hsde4pw,블 미,936,277,215,False,False,False,1_9Ksg6MNl3IBFRtVeI-zawvN2tFE81TggAOyunBl8Rl3mkYTcJgofWW
CHALLENGER,d_RC3sWHaojDoXwUAuNFhPbQcxom9d128K9GGuUzkILbymQ,이 쁜 채 팅,928,303,246,False,False,False,xSP3YGDZwCP6rt3ngnN1ZhMnQVg3XNqN2WOomZtDSZehq7k
CHALLENGER,hWYcpDtjE8awOAEwYJx1y-WfSZo6r2pHUEkP875JbZjSFbQ,Flowering Mir,949,522,464,False,False,False,eaNz1pO80jRl2Urrn_LDRnTSy4mFweEcieLSzVZipz2BBFg
CHALLENGER,d8WTBvkF8_FJcmU1QhVMpI2bLGEL9upcspnC9dsC08UR_Q,아이번애호가,1016,750,671,False,False,False,lCX4qY9L_fQ5QOcZ3h27HUtVo2Pd9S-FvzgAG00KPKWd
CHALLENGER,vyRtMyG_kWA2K_slpsj_ypzBQD-8TZxwHFT9kD0yVTjlaTg,아이러니,1138,395,322,False,False,False,xCF9Ryo70mEli517lZSiEW5vCnQxuagGVQ0GP5E-FiJzMT4
CHALLENGER,o__JP9SAVCwbRK4Zpgpn6NDSngWnO94BTXKkC-UWfLJLupuZ,Aileri,916,705,642,False,False,True,F5OmbG6NoPbmlLH4zykUA26nrxb2q_4SyLpJrc_v8xHj6EVTaFFWdVSi
CHALLENGER,q_N6Fg_y3E6-JqOn9lCTGr44SH9EYcM9KXAO8XbwRaZXvC5fzjwZTi8_eQ,KDF 알빙고,1243,970,879,True,False,False,pN6DHTNjk_EMZP7tP5E0oaAXPKH-PxQcYUw-I0hdH711q78EuRvxwza_
CHALLENGER,SFMX4SNl6uMTtEwb_d4JNgqCaecV6NkKgBfd2AT0Oj0GKfc,젠지 뚱러,1309,703,609,True,False,False,ktUpLrRIhWHxieXw9_lk_kvWKCufl04tHpAG-btqCHwWlJkLYFn6rKUn
CHALLENGER,PdHNyxz8Eo9Vp-1bmtlRukCmXAqE9zwwVTAWamRPfdFUiFDY4dYSAKboJw,yinheyinheyinhe,1321,535,420,True,False,False,Dr-qUeI-NYlct-MsMYd-DHdHIg_wW2-QeYG64NzPgSjD74W7wlQtw5BV
CHALLENGER,KgQtpVF5B1yPyPptQmTEspyY-1cvZLLeikkb3hB-gC8LUbl-,청포도욕포,1010,964,909,True,False,False,yeK-TQe47mn0_2g2bgfWqpHhAzy6m7k6Q8n1vbZiJIeCF_n3gd9SHPpV
CHALLENGER,zGnEj5oBc7G4Vl0NKllkbt_jxUvDdC2yQJrDDOWQLvRXedw,저 높은 곳으로,957,651,556,False,False,True,Ow6yOFimX9rffZixjmpbZvAn0XuWpHRRsmGmOpHL1PEitxrCrzTkQPsk
CHALLENGER,MDwZV4eN543F_LkvzBh04bwvi7ENw2TSxbeIEW4pWyKPG9ytCom8_OybDA,Hennessy VS,934,105,56,False,False,False,Nvhrx1swbVl19cxHBId95oNbtW-3E5I_ZHBPJ98Xvnz79GTdCm3nx67h
CHALLENGER,O15ZZEYlCdYre3VfXhx8EKtW72ilfd3dRp4P2IwIBmS1-amz4ivNEMS_yA,Kesshou,1006,705,646,False,False,False,JMZC33hzbXBG5IpvdM6ChBByUemAR60AXhwfNLv5FcRy3JmC_1aJdTOw
CHALLENGER,NB9Txnf5GKiuNqJ6NwYrIDmK1IPZQfsowoXfmeafOGUjMOE,FA Kingdom,971,1337,1267,True,False,False,gtc6-4Eni6Ly7TBZMOaCntLVvApZeUPOEywjL_Y10utfqQ0
CHALLENGER,TUw8AWGl5wlPen5LF__wTpzMqrRIAuSjoJvxaIZkG73oBuQ,ucal3,934,415,352,False,False,False,yFdzVg-QbLgOy_0u29mc2K9t0IiUSHnVHDvWBHYpeN-KYZI
CHALLENGER,teHD4XH9kGKO6ofjHU8bt-y9UXqcE9vgHPAg2wp5yASi0AiXPT8TcQGMHA,Academy T1,1104,389,305,True,False,False,7tZZos3rI2SQYHFngcluCSCK4FxOuK9pMu3rD3f-WPNpRYlclqKRSiDc
CHALLENGER,2EaOpclNo7Wi3BNN2bv5NQ-ESNwgpCvoP0aSlF7J2BkhJMcgEwzM_mAgqA,Talon817,931,168,127,True,False,False,tgA5xD4TQmQNE1a5iBJSbfyyT7MhCtk1iQInMYIiQGo1DQdE1fAvpfn0
CHALLENGER,bAt6dEwjp37AYCvPGlsPKZ9oOG02xzGpvy6FxrTsm530hwY,동냥아치,985,1253,1185,True,False,False,p7kTRhw9mTLIYUggnzLdAMmV5EeML4q0RQJMuIb2V-p_cSSqLVrpkwoA
CHALLENGER,WNmmuGXL92S6LY6RDcWpzYBlMik14nROqVorkNrqqhNzJgvXPl1DsphO9w,haohaodayouxi,1136,510,419,True,False,False,7eTe1AXftNJ9mqjos4LfGWT1C0wBMhcZ-CbYWRDLTT8aoKCa3H9HdReK
CHALLENGER,mzfvhDT3D4sG6-rY4sYzw9XGNfpxwlEgBWFHgDbVA9Xcqk8,Juhana,910,1440,1384,False,False,True,sX4F5foT1EycwoXMvJ37ud0fAraIi0p7bBlWlnPahvs2V_lrDvjqA93q
CHALLENGER,PdMgbvmzMTkWKHDInZfByjvamAxsL4vz5yn0gZd9D_J7RN7-faZga6OwBA,QUEEN1,931,1059,1003,False,False,False,ZdaoLh0hA_-atXw4kmPx9NGFfb8fL55XxpLr4PPc6oVnHIJuSoC6cv6v
CHALLENGER,yDJtVIdfTxniInMmH7PRHW3qLVwdqnq2pYJL-p-yf32BeZA,TDKAU,973,679,606,False,False,False,PH33HqIPUgFFiKwDU-MgJ59rw70S0ED1ocSbOhYH6w6HoI4
CHALLENGER,gtRzNnMv-lz7dAm9vPYsHxHWvkcpXBpbaw8AsO_RdOOtG6M,KDF 불독,1375,611,513,True,False,False,wJRLmyM8vIPzrTTWcs4ghUvT88RRArM0_tAZh4tEnSwcouOy6t8ERhMI
CHALLENGER,aXVpQKSyzmaKH2TBzkAo2HS9OUM6xMIjRDtqfxnwKaZWzrIgP-4WqEk5qA,피그차이나,1059,419,339,True,False,False,fTMLbE2edUNdGzWFKRohPUSJZhUPTwNxhGQczjdQl2juIeeecP95wXcp
CHALLENGER,_lu1eai2D9Mc9iVYf3eFByWFdKPupU7qzPR2H5a0PjAfEcE,Shadow Patch,1232,445,367,True,False,False,ciDxKgAfY90zkxlh_qnTsrnD7oQBToHip24N9Ockmo3i1AHnbpdMPX6Y
CHALLENGER,kWoR0fb79BC44RYhQJk2Xs24MmqXqNeyTrVGQs1GM9TjO_s,시간의 숲,1137,751,682,True,False,False,BQKHWsmfKtvBDZbSTax9JRj_Q5hw7SuOrtZWpNY00BcRkHo
CHALLENGER,N96Zy9uDCIu_wg6gfPCErIcKVKq-zVxNjqwX87Mk5KOBWHM,저빵인데터졌어영,929,192,127,True,False,False,Zl66iRIocMCdZ8YrJjuDssiqqhaZPnC1i3-X2dsUw4hbLua4fW12xDHq
CHALLENGER,2Dn-JiOtNROYsEJZDRFaN0Wz3jBD259gJwAuQ1e_BJAREtY,10일의전사,1131,245,183,True,False,False,vuGHAEwJAyB6Cnt7vaJMZF5lKUF8I4G-M2eLuPS_IDUjaKJfNg1Ot6bu
CHALLENGER,t-wFK-RYVI082nBxXOiuBH8QiOZdVK2okiym6tDX7IZEZKiAL1cXhda8-w,Epilogue for you,950,2007,1944,False,False,True,ApY7-y9p4PVVRnKzh6y-1xTGOx7mFW_J_nOvUFJ46BcH3C-QhKAvmgnZ
CHALLENGER,PPIjTZJTBmMbrkGE2diFrAyKfev7-4POYVMFYXCdFvpfyqg,Route9,1157,459,390,True,False,False,Pv3qt4osd-N7iwDqPQ_P486K0L4U16i14bQ9CEydoT5-XwU
CHALLENGER,2xDQFLCiH7OAA6W7kAT6VGf7nvAZ2qmziAKoYOEE8bejhZQ,Rich3,1209,677,608,True,False,False,Ml2a3z7wnFydYzYxIaoJXq6Tr68dzb-vIxdv_NE9ulU5pTg
CHALLENGER,QAvTeLZqokoRvH0VOJ9TtVHhrymL3FfcVDKzjTq6z1L2sDg,마틴마틴마틴마틴,906,1088,1004,False,False,True,7-rZN0oywagGPcc_3D-bhh8dEfyxv99ay0qtyrdDCwQVtCcHWXODHUVo
CHALLENGER,YKDGOyZS-XukxA9psGpCsW9hpuTkzZyX-to_ilEdoOienddPOR3TKH5wCg,분 과,924,569,507,False,False,True,4uovfyfZszCmnkimbgpBNt6hBUvnAjti75EBUnWGSyuztdr-LxOAiuWg
CHALLENGER,cxUseNv8VEx6S-4m0npzWNJ72pkRitHRzVG83_cObq3osec,겨울레몬,1038,252,191,False,False,False,yJLaiUFFXKlAX2rt1xPYza99z7ulRa2UK8F67v6gFStK9uI
CHALLENGER,5sfMWSNsXQ35kdaElZCyOr7FsJOX1rGKMTm_VyBeylOtCgg,F1reb4t,941,448,384,False,False,False,LJ9xswt-zN_kHiGw_tY_rjoVIhqhU13MQzxVpQywKFufys4
CHALLENGER,wewiLGM0R7VXsIgowDHyFdjBtvvFT9TGVlY6-1yTyNpQFXA,ZOEKlNG,1011,220,144,True,False,False,YajlYiHAl8-17cLaLsOZs5mLcFb-Z6W1hP1xrSHWH1fWaH4
CHALLENGER,qwsdjVG70thL8Z3HR02r_Aivqun4HN__Mjy3mdlj7ekgSkS-rqRFLojizg,zui leng yi tian,921,290,215,False,False,True,anya1u0uizBpbJcbTIlIHE32iSwhO7KJdaGfg5FP5gmacecyJwLtmDuw
CHALLENGER,Iq_8BS9QmkYs4LVNWRem066rUx8-iQzEssaP-tWwXk_Io2H_4cqdlqQJNQ,김민교 수제자,920,235,195,True,False,False,AUdQaIdkj34zr3zcrTii7o2j8N7d28pT1k4K7NKS-QR1-4TwHpPSKni7
CHALLENGER,27EpOkDd27HwtTnei8m5gTLhv_6e6q9mBnM3y1PmsMw3WUo,사람 안 믿어,974,895,832,False,False,False,3jgf76Hqs0YAgQfVFR1-5ULxBWWJ6qX_xG15bokxiUNWwlHmU_nI-FjX
CHALLENGER,00v1jadiaiipkTE0O-Nt9jU391vhzzHqPztEypBv4X-eiBI,XdXFncyDml0,1014,710,648,True,False,False,juiE5YB42boS3syL3G-V33tsRc-QvDmS_rCkIBPLp7VOZeE1JbVpD7Fh
CHALLENGER,lg4uIiRCTweWjWu69Z5bxKzU4DTSu_f_XYtTtjrzW_IKmL0Y6fmwB3K0GQ,rewkfopdsfk,1112,204,142,True,False,False,2gaVGhwWYDrxV3kggEHozpbVO3yCeUvIgzApdMlGArD-NYtncqWQ0h0H
CHALLENGER,eVDG9FZ_apwFSAxnIjvN0e-OjPGEOgZrOQOyq81YLua5XQ,real gankster,985,705,616,True,False,False,pzU4s5Bna9ctiA_DVPfg_zcpgrv9Uw_iC4lWlzUwVtI
CHALLENGER,Zf8bqk7T2JY8GFNhG8njyG2CSHLMzFXRuSBIKL7WNHUyoo8,G1DEON,1449,415,338,True,False,False,ACWVpNjIXrwL8Qow5bhfKmPjD5ioA2duwIk-EyTfUt0b-D3NgcU7a9NK
CHALLENGER,S1WFDgIS_v3tYLJMEsefqOAI_3BU_D8Mn56ZxsHtB0bOcA,ChoGod,959,403,328,False,False,False,7AW6osiI59ZYYJYCrwjht022Bmij5ptK-Ljzn_QY2Ddm
CHALLENGER,h_GUq3MNA0ykH-HKn9hVFYg1_Uds-creYe7vnYdm8OXFRTc,vital0,944,295,230,False,False,True,0kxLVxiMp4nXg5l20gOuATzHHnSNPH_POJ1-uISct1PqWpzQbtdkNR0O
CHALLENGER,ifDWhEEZ2D2NJsiADJSezEwZ_ksf-Go4C_KD1WVt2uysl72P8r1jU2qdyg,TUaB,908,401,343,False,False,True,Rntmld-p7oOLSf0rYPbgFDb5vsdh9RxdB1-rEijkOKJ0w7w7iRjJN649
CHALLENGER,b3MhyTnFgquyPy8gUcIbC3OBCumSARGJvYaPQzDPiCK7rRk,이니쉬,1124,420,346,True,False,False,oNhR41u7uShD8OlY4XmDQc3lW3EXE-hapPbLvpHDY0JOmMg
CHALLENGER,2piLTkSWaZ6wCWnNIG0MtIEJmp3W8-JCy05E6rTSz-IJSQ,tanoshiii,950,448,377,False,False,True,w3bAzguVxhlN6jGvCWa4wR2uHrWa8gs9YgonMqyvvLLS
CHALLENGER,15csmWx9BWXwhtqB1P5ssEa5bQPjbyAjse8uG9qWUL4rXSI,정글조지기,990,912,843,False,False,True,NrdMZXiWapr1rDN0DxDY1sF3rlDfeU_a_PB9PjFpTFvztiGBlsQkZfe7
CHALLENGER,3sCXlMJQYXMloEs1eR2n40YPFcfMpOHzv1sXqHp8GHQAQQc,다래머루,1004,433,364,False,False,False,7AtZc-VEd9kFcnkEtuDnSFeY_l5CJw9CEo8CXhpqa6tKn2Y
CHALLENGER,F60kYVJ4v-LREYzcXzkWHDrAkdfSYBv605inQaLzLLdqi7Q,핏빛 계약,1014,639,564,False,False,False,S4FO9_aakrTUcvDmmCQcGsVNkpUsB76bkMdX1H0mEApDuik
CHALLENGER,RPMUpNBzQzGPEOUU64-9PqvoC8BhW7inPD0vu4ooeKKvM74,NOIR5,918,1102,1056,False,False,True,uY25luSQbp2PhK2f6MuReglipYrUy_Dembq9n9aqjyzNJE3nUrgGh8sl
CHALLENGER,UsgZie9baXCJBv1cCuNGsetushFmdgtq_dCfNk0DU_tMIYs,아연몬,963,132,75,False,False,False,8tSy8cZK40q8Hw9vFwURV0pDJIi9UXQpA5nbhlZE9exUdld8WqHVrClz
CHALLENGER,jvP6qNKZq77HdR_1uDCVjPHksFWAAvrmutvuIaKbOJP1HWfzKTc8YReT-g,미니언14,1018,294,240,False,False,False,mqCxLOO22g9YPJllol3ryBFmgffApD2HJO3Xm5gIQhmxcrXNyhpaYNm9
CHALLENGER,yerx2oYyut4_goC4YUHT1Dag2B4bYKJMjkppyXa5c-CgSkI,Indexy,1023,1678,1612,False,False,False,RHQZ-FEJAYr4DapdGkMplWi_CxvqsZey-2T6iLZt2I6dtdvio4_Gf4gP
CHALLENGER,FmXwwD8_0bG-tYQv008j1EufdfQgzdEsppC4HAGIwblA7eg,상식적으로,923,649,594,False,False,False,1g5hRxAtpiVmD1QCtGYlc6iZR8W1h4q8DqWX_LWe7iaLjMM
CHALLENGER,6jnf6kfeEDwCLVQY6LbQbzPX5v6XidsfNTzMMWm5pnthPy8,칼과 창 방패,1084,604,535,False,False,False,4M6VoZtkHoT6Ryg6M0RmCFZ4ZJHku-1Uegl7E-6VVgk0ZZ8
CHALLENGER,z2Qu2iGqXbcri_QJjTOjt1YcrQOeQr1qnZ-Li9XSeF6uft0,Cuzz,1138,217,152,False,False,False,chyB8EMkavjPpZ-nyf5s-UW2yXvDaiyXXGtB9l_v4pJ0UJA
CHALLENGER,sMP7sEgOXUfKxH7YmKxNDrD4DZctHtEFXaHapceCTqUxNeg,wocjf,938,227,172,False,False,False,Eo4BMY67qXBvONjuaMFpeHFAqA5TlTLnLVqloo_bV91lZz4
CHALLENGER,hwXXutmUikpCpFWVUnFtIoOjSCmKtB1i5uL97SJ91C-xfbI,윤용호,1028,288,220,False,False,False,0geyTyVKe0TiGxWBUSxupIUxM8jkuLyz_7ZEFZZuljutjH0
CHALLENGER,s_miWK0fF6Wp3HWlkSAgpnz-0FqWZjIiURbBJ_ro59e7bPc,no1ad eric,946,728,663,False,False,True,vmrwQ0k9BrCnLWfT82OHqw5opntmukaiN6jFXa9gl7Mokow
CHALLENGER,VeGTsg1rNOe2BOwumawb0SUu5qS9PTkjXpcHhnBBjrMr-EU,Shang xin ni,1022,404,331,False,False,False,_R15BM0shIEmDRlVR6jd867C_SQThvYPeR6ng3R93S53dTU
CHALLENGER,9ANYkNCjrd26a5DeG9b2sNKRY1BZOP4J4ydjhK-93aheNVXuPfu98p6Yfw,insuleixun,1104,596,529,True,False,False,5r0bPSPkATvMj7SNZliYxKbOfhPjEFPHCUvtR2a1K4goRhKz7VxBuVVg
CHALLENGER,Bklpxut7LIoCZ0DBUtU-RUWSL0NnWju10ndXBdi7ix3rtg,기묘기묘,920,525,450,True,False,False,mH_vSfigYp1oUjUs1hm4zvBx7ap8DLr_w0DJ_o8pnOr3
CHALLENGER,N_blzXVxN2MbJCp27mnPv6W5QqMbSKityOjD44rCUSc7eSs,카이팅 요정,936,388,275,False,False,False,zgedaq1zjyfYumVRsjX3_w9NPJAFXFKT_fhNI70FqDxlEKU
CHALLENGER,PXa5CcNBG_KRhUi4xCM8a30MQubGlkDIuGuQAWdCqikMbUsB4Fkmz_bB-g,빙산의 일 각,927,223,187,False,False,False,4E88DWX6S6hF8Tro_o6Biuz-KTW2knAIJNsH92C3q7yVpOnRlM6gNmbW
CHALLENGER,ZFCFHZeib4La-v7--4QRea_yhZIvUvsdeagt0oTVQohFWeg,주니어 네키,930,469,407,False,False,False,RW77tsmr2mO8wp5zP-8W0fhRTDrBjgJA3ScJjgZ2kUX6_Io
CHALLENGER,zhzDrKXNWUuQbJPW8ZWQ28hhOx3dSiRuyIMxV4iZ0WeNCxDhGZneYHK3ag,불이과 ,929,333,255,False,False,False,3b2-b2_d1XFCGfEQ4EIG6mUJ20iu9Vp8V9xzHBd2nkuyh4PnZdfQxHI3
CHALLENGER,FM74nEqu8PyxVMP3gQ7M89CQep1J76GntOrfwjT1bw6-MpA,프로연락친추주셍,1038,357,287,False,False,False,XIGb5qBmqwnehsaGQzJltRcONibTVaEFbFw4zOm8e63hWyU
CHALLENGER,ywssFi3qaY-yYz6xVKtx5MNepjyMUgzo-jh6lGwbzTPulF1MWJNQ5S3DfA,신을저주해,1014,250,171,True,False,False,oBMCWdSx_8LEUgUUbCUgsJ2dJIKdzEBaJ8jeGymcJC5SpC3A_dC0WOoQ
CHALLENGER,wMlzxt4UWXIcoAYiTBrekgaJWP5t2UKTOLSNKDE5gGND3A,신 격,927,347,273,False,False,False,0B5s9r1vCdk5ZYTl58IZW7YuGYiwDo359q7d1gvDdIMG
CHALLENGER,BlS93EfRgeVMPU3hiY956zexEuFUK1BTZhAtBK8jxcT7Q6o,김춘식,1036,475,404,False,False,False,QZe9AbX7AilN9Hgl_GQair-mWcXxe_XBZXIdxLbaVPbxMtw
CHALLENGER,v0RWU8Zd18CiJqVpIjx9Quck68i64jsqiBZrNoi-pZQUHLRkXpsVJ4QPwg,대머리,943,608,568,False,False,False,4GvMyxagR-fVBDIPT9Nu1jrPeu5xuc7o2wuQ-D260jgbLUIvLx3aA_ug
CHALLENGER,dXIn2wCksjefmesNm6X6FHuDDDmEpaOsRZpntcTCh3pWF5c,이 차가 식기전에,1062,563,504,True,False,False,U6Z-nswQsUdgjc-_0YsOHYbTA7H7aM_gU4bQZejZkm8oUNQ
CHALLENGER,VnoYHy_PSl2Xs4m7u-OZb5pJp4y4IHwVXQ96a5snSgFWT6kO4usUF-a9Wg,ogyk,1127,291,216,False,False,False,TS-tkPbjNwO5pFii_D6Vr8lhf1NUEZWIuX060StimJJJxQGhj_pfoWxV
CHALLENGER,A3Ev91rlShdhlXOxzbYaKmMFqXZo3UuLcWOIT4ieFm9_AlVRiYlXnsdjwA,용병배영준,1055,776,713,True,False,False,24FI-_qOZDf50YQl9BY9d4MW8Gv_VU4HOKuBAKXqDl8hi76gRBCmsdnH
CHALLENGER,AUl_3ABA2FWZDA7ezO1Fwk3FcbvfSLfpOI0WrmQbPum1zSPUqvMGHHXi4A,xtyx,1081,176,121,True,False,False,D33cgRksrWCZzu6A-AG5xzOc_fmrZGGhqRKcOxIQ1FazwLni6eJfrRXi
CHALLENGER,zJUof7_ngV3m11OEBEuplDLdu65sKoryepK18nlvKGkBytkNNHQDtDcOKw,Kqher,913,196,144,False,False,False,lMEv9lcIdg23PRvzmDorSt00BfuAp3NRePYqYnkOGsgJn_LIhaWPfVQB
CHALLENGER,F1xF4oDlmueiGDibbxNvR2NMUlzitCt9gMfO0aS-GvGdFRM,Shadow Nia,1087,504,433,True,False,False,litRyke8aDbEREltNs2AZ7dyE18Haw5Yn3GxYAN_0IRi
CHALLENGER,5mHyvY9dnAmeuZowjxxX6o6uEy1wFC12G6auCgKhCMSopmwN45L6rIT71Q,FA Callme,1065,539,476,False,False,False,b7qMUbspsF_fCcba012lTfjqcsXiIvO36npMjh2hn2O63somIdQGDoXW
CHALLENGER,1ym3wV64348iTwBCnFJJGm-xeYWX2_64yAKpci15hQRHo0ur2_BmFzLIzg,Xbm,925,398,339,False,False,False,d55RJqgHCeb7ctrK4Qhk4NIHn-yFpcNMX9jF5x2pvqX9dgDZZJDxOkEF
CHALLENGER,33KARa8_y9Y0DSFyR52W18uAq2Ful4Y3NKVdk7MkJqU2Dsk2Yrsqcg8bSg,DongleleDongdong,1006,417,352,False,False,False,cry_8Ux1RxQkjmb4IMabOUcFKca1MZvuq1-8PNxVUooNtFfeJN_L3Qw6
CHALLENGER,K6qA3UTztZBiN4CmvYtbUZ8YAb5ztbxMViSRoptF0j4Nly6CMNsBml7j4w,Na Xi Da qwq,1003,197,136,True,False,False,Ll-TNF3mnYp9l0q_UgBTnCYmxtByhIPv8BMazgkkKqc50VJmj50yfMt6
CHALLENGER,NhvEfU1f9MZiwJdudLnZSs6HAFoNukvJ_ykpW53BS4rz6Q,NekoL,1073,370,300,True,False,False,1xw8kmW3oyUW5QAwPqfrwM1stGk3Bq9OMatVSdWitOtX
CHALLENGER,UnFjl_-eIKfU3Jt34pNDHm7Ceckvp4a0rNESoQ1DMEUiZuQBZ77Fn9pxBQ,화내기도지쳤어,1235,687,597,True,False,False,p3LMzHSPyGj6TugGBthtpc3wStaMY6pxe7_hSQ_tCZ7uulTkkxl176VU
CHALLENGER,F7_zQNOBV5r6HalOunWxYlFbYdVgQM7IJu_FCnRbScps0cKkfBsHCOj8fg,중모희망요고,910,267,181,False,False,False,d4S9nHEEmrsIk93rhv5xVO_NpyfTRcL9eesAu15GbEUg7olX1TEr_5Tz
CHALLENGER,fIBXl2DGm_XKmBb9xUghBT5RHZ7BD8Fc5vWa6K8dD3gEPRIRRseedVIAVg,TH0RFINN,1055,139,76,False,False,False,J7dFfuqHhWKAYZhvS-sj_RVB-cwtzx-TnaOZoZc_kMjloiJkHsONAzlh
CHALLENGER,Ai0f8NCXPP8l2TBhGSC6PCF4gSeQ8--GTjfT-C1P0WN6cTNAvPkzDabCBA,xbyueOoO,940,710,640,False,False,True,hX6ZdczYa5JKZYVJYEr2p6KA36ui9c-xFe55jO7_FudR4ChLkheWzeJi
CHALLENGER,Y0lb9zZIr5jtOAf1Zii-Ae1ENw2ZY4L_kfSLZ8SsI_9JRPo,lIlIIIIllllII,1314,873,795,True,False,False,EUhhfPkT2MmHm-GTsyv2fURWmxioUb-DdsQjZmeYrpVoPL137Nkn8UCH
CHALLENGER,Wie29Lyzgja0xZmR_kqKySwrFH71H2VMRinaJfb_y9VmIWI,Radiohead,1374,1057,968,True,False,False,YyGf_mhBmHpm3AP2ajEdfHBZWQoZ8mD9qZxUYRZ6-X3_JRQ
CHALLENGER,fCxIcWe5q5xNazvHAiBTn7Q8-ocbnW4lppZ8TSlLxulX6tY,viper3,1397,570,458,False,False,False,3F1yZ6FxDdxd5ZpgQnSPLBzN6tWpQlLyoMJaHpkNcoInO6U
CHALLENGER,jzex6w6ZyqVVSA-Kx3h8IsWleJFESwsG5GTdkSSLTDWCwe1hu2Yxw4Kw7A,Career DRX,1026,877,800,False,False,False,ZZcpmmR3nCHLxWFKLjKF4RCmIjVrWHE8IWOaHG6aFugb9wVYIEypIuZk
CHALLENGER,GO-hvt7Nj6HVrCjlRwWgRGdKlkNDxLAJSjV-wvLH31yoKEk,K a e 1,1249,589,508,True,False,False,cSyqMPjl7Ez6IHAXmNYSS8gWHjUdkfQ725DBkKnFhXVKAIVzLI6i6R0S
CHALLENGER,EL_N8yJPqPYOfOR_8aR0iJu7uQh5ifUwGrnZucNXWTbkpMc,쿠 리,1016,305,241,False,False,False,FZL3p7QiEdH-hM64d77zT3OrOrUPi3BafGndfcMB9Lvoppw
CHALLENGER,fxbPSQ67qHrMDUGEHvuiWvt4LU8jz4BpmUaliyuWJ2g2HLEhkFNJiNN0tw,Irene Irene,1604,402,296,True,False,False,8WV6nayQapKPY-xMb9o1sKI3Im6R9YFUM8w8zgNY070zlZP-cFTSXQf2
CHALLENGER,QczCpfWE3I-yYOLEYGH4h-P_72mVOBYx4BHEGvQ0SUFV6zY,Sangchu,1132,359,293,True,False,False,92VzbEOE-L7EK_SUL2lRi-L9RNaN-zuVA45Z5H0TjycBIHMuUZtAfS00
CHALLENGER,H13KbCm0bXuherOTWbET12zdDuTOv7wEHOYhvUldME92CYIiQl49ZJt4wQ,IlIIIIIIIllI,1003,149,102,False,False,False,6OsyYZ9hEO1MWK9PSQtHZ064HK8AZERTjXThc-7UTDBUhVVBecnHqCN-
CHALLENGER,h-s7oXDnYY6RijAbhWKw0VI8vzbL2qXS2liEATzIJNtG0Ow,728847,942,312,257,False,False,True,d5DBCx-Q_8Um4-ucfltKb4a80Fx7oz4Ctwo54mIAG-q4LFQOXsi1SZGJ
CHALLENGER,j5BvPcMK-ahwiacDebqa9vQGuHMDPo5uiWjJ1KIxUElmzb4,지저스 버돌,985,557,494,False,False,True,JCxzEc-6QC9c86IrzdB4HLcVbNIPhhZpdoW8g5ivhBKwdbM
CHALLENGER,fQ4-hhGsHjmxmTc7cISmtzqwCqIz6IZI2OoWDnmdPE_MrGemIsX_YOaCaQ,쁘농2,923,162,95,False,False,False,jH6CEW0ILPtXDPeunyv7GT9a61JUmAVAK1IlILxi6Zd1BJvEL3lW0zU2
CHALLENGER,-cHYqsOY3XG1TZCdQjhevMZODWNgaFZhll6VtCVNfxzMpu0,T1 Trigger,1067,764,700,False,False,False,W6QsRUEhdf_osKHf03INRu7kSQLAj397t4zEpR3kmX6-O6ufrOlPtYPW
CHALLENGER,dpb8CLBnQaNUiCy5O7dC_QVzIlAh6mALH5mN7O4b2lBctHL0AY8hh6xZFA,Oh Lovely,918,268,213,False,False,False,voRDpkjEU4Yj_LBMcEL-vCcw9r_v1AxXXnxH7qwvJ2NUzDaxXrfceewD
CHALLENGER,XUPNP-4GyO8jJaL7Ydn7fWAfzCikzyT27SHKHDSCINy9SOw,C9 EMENES,1151,364,287,True,False,False,GmJRHHobWRdZ0L_h27uM7pI-hxvqeqfAQtq8iT1DW_RUakc
CHALLENGER,ssXJKBQzzwxT62VAeuUHz0tFDLMZAHezctV2RyrmbNGFHIY,nihao hello hi,1070,773,652,True,False,False,7AlsoOEivOmjc-bK9WXPWyqXpunM6cabvk-ebQf9T1xXOpi96Zp3q_5p
CHALLENGER,q6vUp45P5cL6CflfQ6Bnbiyxm27bWU9f3H_VL1_YtcSfcJE,내목숨은아이어에,950,449,373,False,False,True,gDnEK2WErBHPE3jUY1jmGouuBU2wTRugZUxBGaAkLgQhMoE
CHALLENGER,YCBoVezRfPilZw1Ps7Aab5qM178hzjspU1oYenEFmsu7bQ,뭐라고번역하지,1028,324,229,True,False,False,vsAdO_EMrgvDcXOWxXoc2Ax6Lp7H_3JhpFOv78Ct1Que
CHALLENGER,sDtgUbC6IUbx9zRrYJG5ZM3jw0-6yspa1uFpoRccA48KZ94,Gen G Seeder,961,313,245,False,False,False,Arpn_I-yiOl3JqflVWNfgNgcGATRiH7C0vRxXS27lvMW8u8
CHALLENGER,zu84OY_eoV_sioBm8oNrKsFCROfQxjWGAHWKIhBFIAnsz4I,DK Sharvel,929,916,847,False,False,True,UbnBzG7eS2PKtqfFJMjtST3wnZhkz3A6cq7og_V3Bp5rF-aeiE3FRHbr
CHALLENGER,QcF6TwnAlUkDOHdWVelYtoBLj8y_u8TN4uNKFP11elfC-zbixxt4GGTOvw,소기 매스꺼워,1044,787,730,False,False,False,o4k9W6PHEfdqFFdSD4x0mABAwEAW7JWuKyEzSIIT4oQxZjuUUL-VIHio
CHALLENGER,QQAqf-wP9iQN4N4WbiZVdYF7aaF624oEMtZH4fnIgn3cbDzv,농심라면다내꺼야,1429,776,677,True,False,False,I1vK2CaB5basDLPB7KiefG3gtcDqhM0Iyp9jP7OQp74G03WPLe5AXU71
