tier,accountId,summonerName,leaguePoints,wins,losses,veteran,inactive,freshBlood,puuid
CHALLENGER,46qwf1-goYWMUpSdTj1sMwmTCU99zSqY7Knhb-ouw9-PqyCWVZidXuK9cQ,yuezhihuxi,1337,266,197,True,False,False,L6Ru3TiopZ2NhIQx_9sMUCkpTSWDnnMS3lRW9r84ZSr84k1XHQg0yfRJnFDI8hUqBvXitsoZkg_6eQ
CHALLENGER,0iDTGwZ51SZg5-CPd3oYgzZZy1ELOaiX2pULCImyMz1m9z8,psavncav,1337,707,634,True,False,False,FWD3aK-z1ze0KzbaOh1Higc0VENk-uvJkHmVUSoErp0Ooml1m1yv2RTUXa6BKD2KZhRdgHEwQd-OmQ
CHALLENGER,Qb_Vg16aHRca0iqZA6iOCHfrla-kfFCrmeSm8ce6X5pS6iY,hhhhbbbb,1233,567,499,True,False,False,XbGxW1pXKSD9k_EnySz8Es8Ufs6gKF_2w-7r6wpjVMQtWQgNeu7Ims1659MXkmEIE5_GqVMkNBZD0A
CHALLENGER,wKXZDcB7OsZBDaosuOkDIGuu96Wlh4P-jqeQ9EHQCbDU_is,Destiny,1028,1027,974,False,False,False,Jm6rE5Iq7JkhHa2cR3hZzOgIIRDv2sHAe5WwXlV9X4rvzsN-3fpkbwS9QU8vkxCk1rElWHFMp59sLA
CHALLENGER,P5ZSLijCepYjkFMEuY0SwJWUsjgu6uswkJdO-iS_BatWHeE,케이티 기리,1254,489,412,True,False,False,DpGk7hP80s9sc96NBI_U5wWl1XAvHaZQWe6-ZLeCYplro_XEvGrgUtrRF0-VCUBxuzVJvr3dsHBF8w
CHALLENGER,O3nlVdYL26Fi5xzZoJm9LEaVHVHcvYD5B-PATQW40iTYzbI,person to leave,1426,343,241,True,False,False,aI8UTKJrAmSoahb7QaNH8-su_4uG8DzfPdsoEw-NPcLjkKOGZiGo9uixFD2Wj2ciJL5bb5Ge_6RMzw
CHALLENGER,Hs4EB8IlJBH4EYZXFL6kSd0mu8_Uhl2bZAhp9brioDFABb0,Thanatos,918,156,97,False,False,True,MGYYzsz-GrDrQYpQr0NBidZ_q6Au0xQdzyZYG0SzggHmhDiNllHumA5IKTteoYTpFrvaBFYWuQ3HSg
CHALLENGER,5fOjo1GucU89H-aW47zA5edAeqw2abihgEF3p2_lWfcDkyA,fragiIe,1325,1021,911,True,False,False,IwknD0bCjclnHiYsrqDy8GGRTs4WFuTvZOgKU2P86BKPXHhgCaW-6yZ8p8Omo20H0ZvWceYQm0hJCw
CHALLENGER,JH_aQ9YxP7W2q9WRshMJX2Pqs16AOezd84B9Www2j7i5qTw,버기해적단 버기,1219,513,430,True,False,False,yBD_li4vJt-GG6PCSF81pjeEDBESBfbrLaVd8EGDatUw97NwSWsSehBLT1VScFSxBCkEDDgslnU0uQ
CHALLENGER,9YOJEZwOYptMM_xUZEAfqgDFPUiQzrJ7pdQL6DnlqKHOmlyGhO1_TCjPQw,qweraszcdfgtyu,1002,176,122,False,False,True,AjqeyhBGf4SZRhW5pkHMo-lMV6GxrFMIghBqVeIFdHk247sRhSX11twFyjgKRYUYBFZZUTxMOlZokA
CHALLENGER,dRQb3iRbGXojJca_0mYjMi3tRk7OjdAWPHnfUmJkoJTEuFE2NsGNx4p2Og,앙 맛있엉,1150,463,390,True,False,False,h3zZM1hMI8T3znDs7Gp3WtYBiMMG26Oa7xUKqtyOwhFFKZlMXarWCHJncYY1XwpdDh2jJD7fRwPXpg
CHALLENGER,_P-DtCMkFPOVD6wWaNbQ4E7mxS2w3OOoq58ZTwZ2nWk-4yz5o8zcyoTGEw,cbmjtjljppajk,1102,512,433,False,False,False,BZ7KjnBc3LRaHtgWwYEPRtXCafar40EH25IA3E3BCFqUbXCEzbBVGv4hH36lFceOGhheJmDF-FIH0w
CHALLENGER,hgu4apCtdUnNs9GV9yBvi2sVIJrjeOnh6HEhBbKwyE7rVzE,호잇이,1102,613,543,True,False,False,lgvqylJ7FiNSjwYFkQceQsVAcJhet26T8uvf3ESFCVs116N5rQxvxGJfhWl5h_deeQedf9eL1KiTdw
CHALLENGER,VHgS9lwswdcwsenVnvU3KLmX5L37-r7FwtayyFEaHCWeKcI,숨바꼭질,1156,1215,1135,True,False,False,EfRu2x4pex94bmK4Kokcs23CZCGnSAtieD9h-6Dx5tQY91bbwjD4sGbfdIDsHVoB7OerAzyY6s5K3w
CHALLENGER,pQTlEEKm2iTbUyGaEOjA0XdOzybGuEZVdBBhNaL0hnDQKuvD1iS4p5698g,자크헤카림,912,203,138,False,False,False,FIlFX1Aw557_z5lceJngK7sqaaSK9mLrN4uznn4X52vMr4hsJi3CuaBeBHrBgBkCUs25w9dlZWXCDg
CHALLENGER,S9Ez6qUCiDaw7tuLlhM9hJOBC4BlZs6BuvZs_slr442Xfo1cwMrVDYaUog,small champ pool,1018,766,717,True,False,False,KFivp_DATE7dXZA8V-0IUlK47cC2T6h8X1_j2S52_r3x061mfwi60a5GG8fz1NF23jW-p5MhMBHv7g
CHALLENGER,g1Aq2yDK9BiePjIp8QZMyUdKdzgwDR834Ix_1zv_WEDbBI0wz8bAoe1-nA,TPzhao727472857,995,771,676,True,False,False,d9Ne0swR7y2q3Lkn-uqmYu7Y3-cVW6UR2bnTsIF-IMR5bMwVNhc4-MFy50hpAj62mcXln1NNK0h-iQ
CHALLENGER,fa5oM0VvXR1YaxZqRzi7swVP3Jp3JGbNdoVcvPU-9wvSgjM,VicLa27,1096,933,863,True,False,False,DVKKKY3Z8anWGjJ73CaYaTemrQrEsn17weS244OJqfITZ0p0raz3HdErIO17Gv2fUBHI21Aps-u-qQ
CHALLENGER,o_In2sI1VhBY7ZtkOlLkMYndNw56QvOkfwUjxXjAIHM48sE,Rascal,1038,880,811,False,False,True,uQx2B9-hxYIGXh2SvEy0sLrKrarkFsM5C1I6T4CuJu7c57cp1aRCq59I_RTgSDRD6R3XvEKNoFvZGw
CHALLENGER,MvKdbXoPiV0JfyVGiJkAhC3gUhSJqQF0wXY9ZwT88pHqlScCsUM1uDqKhg,pojang,1068,294,220,True,False,False,18uO7zkQAxCpWVRUmzeW_myNxaYgLZ-Osc-hOgnBec5iINE4BkSXbQr5p99pQKW5PgldIiL-On66lQ
CHALLENGER,8xjOSw27A8rJPWWDda0QkRwgsAaFVnkkWdUxyS1-fDzBOm0,국밥 7500원,931,243,175,False,False,False,U_qXcBYVTXIyT4kAaXJScLhS-4YydH8oy0XI6_lYnIQ3WqI-HpAQIAC9kn9Jsue8jb6SUkWIUsMbTg
CHALLENGER,jMSyurrP4Rc31gKyLGYnAXX0Y2yXlCSjDvxkSdGqA8t9Ccz2,Zoe123,951,323,261,False,False,False,svdXwAaX6XoH7KrmdKicRK-fgad6gwXftI3FgPdmxYA2aOYOsU10Gyk7v47wEHyodsKgMo8GTM0IIw
CHALLENGER,ev4kd3tNAjTnQByWwguxAuvr14J3MgpgUrtaNdGnkxYQXFI,JaeYounge2,1068,602,536,False,False,False,4Sp0BmOPtEDTqF9NFQ6W18eBaKHp2mdf4RzB5E33PmlOMkEBwFO8DiZuFsdxzLEbi15MlCzppBbXDw
CHALLENGER,JGNSzYPG7qRSY6hqSzHgRHSWA3eNlfUkzG8VgxKGuRsxNpjU,DRX Piero,1217,822,738,True,False,False,YRZa2huUTivA32_DaHoyEdSL4pULVg7x0RuliSSu4Jn52_6pe-VDmoKDJMkJfvQmKPE53m7N7DcIag
CHALLENGER,lZAdd9rFnKowL1OtPcb6k4tm45ENBSRS1DvnnRdyS3hsDaY,전설의롤1234,1077,375,310,True,False,False,2c6tGu1o464AMGZ4yYkwpfhDPQTl07E6PBAu8em5u-5OwUeSbn81qIzGctOFhI7mY_wYYo38G20xnQ
CHALLENGER,VLeHAm5k9ssP2_LnSnf7i51gaQDdfhtE14UbQwPhcyIcOpE,강주연,1010,572,505,True,False,False,Bp516thwtkFzJt1wuOUWpbn2_lmle5CGzO0rzDOVBDIck2bug0wzgEHr3xLikCpaqQ1gJfwGZsmRyA
CHALLENGER,Mh4V8Nq61ZKYcZ-1C7laahVdZu0JCJuPTXl_XfgFJLK-D4eIITXKZSYhBw,이기고싶댜아,967,435,377,True,False,False,udMXMarxh4MjbNEg0O1GlIxgn9IqCy0R4YsUDfq1so_FKsD2lWEm7V0SyXkyu9ovMZn56lpX5QDMYQ
CHALLENGER,W6k1x-I-tsnay3tXEVYkikt0Lt8Ryrj6QWJH_Sqwuwz5lsg,오뚜기3분미트볼,918,635,581,False,False,False,ondTHMpglcdSi3J_DfSWSSyWBUJ_N6KZC-rqyhIegBoZmKZbR1nfDxm9fw5i3UDNfwyslvqdt5ekzA
CHALLENGER,dOlZCKTerOI3JXtTlyJUcu4tfsT0Nh-MIyta7fH0B1iaS8FK,sryteam01,997,819,742,False,False,False,9MW1l1uFyuaT3jnKMIIciyRkGCoPtnKypR-326J56W-7DSrL3FOz2rVlIb72kpeEWsY3g29WKxH7LA
CHALLENGER,27EpOkDd27HwtTnei8m5gTLhv_6e6q9mBnM3y1PmsMw3WUo,사람 안 믿어,990,896,832,False,False,False,Vv4UFpn5QQVfOsLWIID0FhQ9W9d-lOcUFNuBCLmpgUr_KnLsHl2wuYAgnz2X2IDDCMHmZjf2mY3G9A
CHALLENGER,TowgCtw-2taMKYOKre7rOoKwv0_EX4slwKf5sCGD1TY12g_9BhR6CwNnBw,hxqeyff,1031,614,542,True,False,False,QURNaQl6x2P9pZ6lIieRtARhNR1u-6Nls0BAN4nmkjfPx_znnq8zA2iY3MFa0wN_2a3LrQZVZAI4uQ
CHALLENGER,WGyl-unCrjtf5qRjDYqK3jp47AWkmX3VwtOnPNTBY-sFCAk,DK ShowMaker,1092,360,278,False,False,False,8rRXH4wBjXf9o5YeuIUxV7suD0ZQondXBHZ5ev5isdqKUEp0E8-v0lz4hpp5tZw0difU0gS_y2DVhA
CHALLENGER,l7fUZcp8NoWOM_CFsoyw2_DqFsNw0ze9GBYyj-OcGUyktrk,lIlIIllIlIIllIlI,962,281,221,False,False,False,eZ6tJekUkEMAf6YD--AhdheBYDzyDioW2ww8puUGq3Zaa38w05q7ubBTz73BXGbAFmTBkWRp03eXAQ
CHALLENGER,jNwqUcskuLimR7vLIWhNQNzshEYK6hS0PJyTPO5CckPOd2M,DreammaerD,1215,553,477,True,False,False,kPLzT_Dk2FFk5IybliLn3-f7a2CpZKNumVra0xRO5uez8qo5LZp9wYBnDxCF6lQcUYvooGoktLbgDg
CHALLENGER,Dji1qO5YdvI70arg_KLp4T7GrZe6aHkYqPqCDeZ-sHj2nmk,난화내,1400,1081,991,True,False,False,vctv349OxJgsTvx_drE3OijRqKiBvvy73KbnqYqXBH8bE-H91xeHCwhJDOxnlIGJFqoIqoNTLHOgIQ
CHALLENGER,Ixyytv_lTPmf5MFoFuCPLv2N9N5QCQGSeoStNYFrhbl8RTI,도구는 툴툴,1037,599,527,False,False,False,oQZ_BxegnGZSieVr3_ygPvcWtQ4mriWIViawZGXwKWKUM53eMUk3ggrXnNs0SuyAxsKo2Vh72dL6nQ
CHALLENGER,E1dsERakfgro_9vmNAsjI697s1NYFZBY0PGuVXZlCcPlbkQ,SLOW Shiba64,924,526,454,False,False,False,UCm9x29rj0t465v0uTxREvKdO2kZmvYJ4vqIu2LTw8PCkX9yf6CXiQtuUKmoMYXLfbYwUUGbRKMZRg
CHALLENGER,i004B9dA-ba77VfvIWZqsb5brh1dwHD9VlZ-zVdoK7iLI3AU9ny-UhdlMQ,쏘귀요미,1215,259,188,False,False,False,5fjOQP2nThG6BTxpjbURAyDUnXafdMZgKaqsIxfD7eZSB1m-RePTIHa8qgYemwKAYND4mzVVXI0PSg
CHALLENGER,H8l_nmR7qfhZy9UoHz6nyt9xjMSLQTv8eeYd7R1Thua7fX8,정훈이의 모험,939,346,291,False,False,False,jiGu5CbvPi-OvEf7E9tHTF17jdZq1NDn7OI6375jdgD-PB10_ClKuU2UcJyKO6NhWI3-Y6rIWHph1g
CHALLENGER,00v1jadiaiipkTE0O-Nt9jU391vhzzHqPztEypBv4X-eiBI,XdXFncyDml0,1029,711,648,True,False,False,uMcwft3F5kVda1m9LF03973hBoGIhzqycFz7gutG7DLweeYJqzmn650UVdHxRFSOCQDVRT4o5s1nog
CHALLENGER,yeHgqrgLxr7aTd3P7xQwXwU4Xtao_UCFR2MWne3KHuP0XF7HCkAzlBAeWQ,DK Bible,929,285,232,False,False,False,wyZnzNw6TflUiJZraqiNruD82H1G5lba1F-iP8ZAw-3SRY3Gf6CenMeUStY3lBcKvoPVZymlOUMz8g
CHALLENGER,94aAVeI6CYx6xZOiWU9gPkIUK6sEzKPxXotuF2DzYmfMDvo,Quad,971,343,274,False,False,False,QC5b4kkac8NKuIP4cL0o0TVXW16smT16iE4bTiinD44njLQr36yt1hsYcGtvDGLoQGQge24i--wqgw
CHALLENGER,3lL4yp_DJW8ef-nM8GP2UdIiH_aIA0rz-E8O969mtG5nt-l-9Zs8k13T9Q,내 지난 날들은,926,358,290,False,False,False,ZlIFIoI_eWjvVYy6nOzFoMQEpgvVu4SAaFhTsILytpubk8YKEYidb0VkQvyTgviUbuIGkMRE0dFJLQ
CHALLENGER,9j2LYQkZDr1KOGGJ_1nMXrMFJEqPQBPep-tluCP0tDtTPPSC,Pangsu,944,1016,951,False,False,False,BNAJQamlUIqoZLZfkINWxD1MN7I14OIQwJVQnJaPWIo3OmXtf28kedCZwVoEMw8Bmiz4Fz1Cj4fS_Q
CHALLENGER,pTX_QbJO8JMLm79EbIcYITVhn4446fL958W8rnyny6TBosEFqAyX2rX0cA,Enosh3,1126,925,834,True,False,False,-Ogll1IiQSKJs7UynBzBlVl2SjTTQFWOH7bVihN4CHawM6tpMh9fWYv3UZw_S8N9iPDbEf_Y1tnolg
CHALLENGER,0j_LLLYwMNWN22ze-MzyMW2ghp5qEPQepbUtlK7V9fTe8Es,Kim Sang Hoon,1000,463,400,False,False,False,ZBHnTWqNvUKvQ7MPkPR2iVu9EoQINni5S_V1T3U_GJg19a3EcLZJtFj46Xpv_iLm3tvT1qL-jN2mAA
CHALLENGER,kpoyhlGGpmXOq9dLv6bLCwdp-LgIE949Mcr9sOiBr6_pysw,Gen G Casting,1001,794,743,False,False,False,mn8onjulcL3KXi2KqmlRyEGNjYkLEKobljXwUnFqxVvVBFkYOgRhC0CGX6E4s7R2bEgaBSVHcOqJyg
CHALLENGER,PN-fhwv1kyIOBYcL-PDE_Oj7HIq67klbEGXK9rRQwBz9OD0,SBXG Clozer,933,761,701,False,False,True,LvKmdOIz4n8u04jKr1cmcIXPY4qSbheTY9qUJG8S8iiqUpoL3fQGeZDcoF2ZPYOlBxHJmNKAb_jBnQ
CHALLENGER,y8tEwh6iPzE9ZhxR9xhq5VzpbrtOkGL2ftSMtwbyCwF4tO0,kiin,1402,298,209,True,False,False,a8oO0TjjrTazdyPVeGcsI1AZuFVJvuAc3ZEBJ9ELi2viM2H011Hkqlez41uBbNzU19fMAVNA5mecLg
CHALLENGER,TxRqSnQyer-DAANH4yULL8toWHX264pihuTGawXOus_SMQ4,qweqweqwerrr,1024,361,304,True,False,False,rlr6fYG1jNS2UL9TcFKXcdepD_-9Ehei145g7-9tOFp8MFi3QZ3NVNXi1Ql50Y-HbJYZEuwlwvpxPw
CHALLENGER,h_GUq3MNA0ykH-HKn9hVFYg1_Uds-creYe7vnYdm8OXFRTc,vital0,978,297,230,False,False,True,Aiq0Liogm4eMmgqbuNVT3XSO54Wj2N80_-t6hYWsLpH4oqJumNz-Y5AXxX1wmdpfgc4t7jj-N6IgKA
CHALLENGER,iZQW5Ve3LjiTRCyPojMGCXEzivkdLpYLT43AhY_Ak9ggZA,언니우기,1107,297,229,True,False,False,FuhgQTdy5zl1YKaV5pFZI7VaQ7qj47gteha-HQWTl6HOaLUoj-wT71aAvfdwUewRBwl-RY7IXlLApg
CHALLENGER,QcF6TwnAlUkDOHdWVelYtoBLj8y_u8TN4uNKFP11elfC-zbixxt4GGTOvw,소기 매스꺼워,1060,788,730,False,False,False,AIMvD7UTOFIGAxiYp0rrfyMebkIFKMtNI29ZDkTie5tVrNI62bbtKmszNUQbdfsDNzjbW3ezncU9GA
CHALLENGER,4jadOOByP9QqryKkmIdMlHHAg9nsJjBrMBLzuN0Qx1pQb-2xvgibKaWRUw,Ssry My Bed,975,1174,1122,False,False,False,wSAOWozyUnXgFZgi9M11aFrbUXFJphPzJ8v8ko2G2L01UAwYxq3qeRHyBIaDBgZN6nhVSJprQepxGg
CHALLENGER,pE2kMl3_w1IFkljyHmP0OMorXhdqF5s-qEVOz_66Z5AJ7K7pkINuLwwZlQ,yeshubin,977,266,196,False,False,False,yOFj_Kj6H80fa4P_xVRa-a6IchevRmrSilhFlj_zf2vy9GtTo1zjfNQaUGxagGjh3fa6P5ctCj9BLg
CHALLENGER,bdoOp3wjP8nx56w2q7botJUtw7dYUMuvMx8yyGCTU1kWlmU,Kariszz,1130,531,460,True,False,False,ZR0vFE6WOE5JZB7fNm7hnaF2tE1EsqP6EgGHyYyso2c0vsIDWENsS1XqM6eiEO2ap9VsUac4GVal8g
CHALLENGER,00MTTYHckR34Ftmg2zuk6ft13SBjzWmqTp8lKUpwGP4QjSW04wYXbFcbCA,aaw4,964,380,300,True,False,False,HfvtfmMYAvp9M4k0k8akxBU-CdT7eh5h58IMIvRzkXFA71d45cDtPM-84RyWGFuBoqdHU668Z3RmMg
CHALLENGER,kbq-xmv1mzHxTYxjvyqjbYVxGdLmCHk1y3fW2p4GaFHcXPxWQPS8twSTow,Cry Outt,979,224,169,True,False,False,O0zy3YfLZ2nxIpQTjAwEg3ex7vK9Sd1NisrmclucuKAQIRnWlVxL9oTVkhR4R8dP4lNBhqhjgTiQ8A
CHALLENGER,5YLFD-6MATgS1x7OU205M-r-WeVr58EIfWous5nNHbYv7CY,음바페홀란,1040,691,626,False,False,False,tfK5L94RbdYrHzO0TcF2rGl8QFRIMALjkcZLggpOcGVtyDlgK7t9cF49-c4grwrDSwWJIscJbYuJpw
CHALLENGER,gdQtLxIKUasegFrCd713EdJikaq5wXivzVP2hQd3QvgNUCbAYY5qIP6HTw,몽키차이나,918,611,558,False,False,True,k4iRdyIvj7v_l0jP0TEnEpWVHrW8ViLciKg6H5yRoQsQDXCkD6WkQ8hidsZUE5-lVnaOz3QaSSWAaw
CHALLENGER,T37BdnQC01yS395mJY9zzzzJEVlmybuDjZtYV-vIC33RLH5Cu4-yTr6QDQ,WBG Easyhoon,911,354,312,False,False,False,Y61EfmJdZWkFcf3JOqvT2iuyvU1rOVcekS-ZUjLpqF3r1QmloySsoTFgmmzQxdzSDaiLTcMF6BfDqw
CHALLENGER,pzR36ZAB1uKlo5T99hIZ1DU50kSItaEBxhrtBhBNNTY2d87mNWTNTpvvwg,Supreme01,931,263,200,False,False,False,CJEHFnsNF3xhggR_3RuERiZCdB9yWzedrpyZqjs_xzDh4zBG27pvgNR1EOE54VJE653AsVgcWPyOfA
CHALLENGER,ibZyIEDq29rZyFY6mCtRraF4cXKUshaTrzBom-73a9j2gA,갈과 배 음료,1020,1411,1343,True,False,False,Y9YMFclvIHuJO0zqbljEMTWjpd9LSotyJKpSMdpPg24VNj0eKyU0mfDjap7YYvnz1V00ls2TFOVcUw
CHALLENGER,SFMX4SNl6uMTtEwb_d4JNgqCaecV6NkKgBfd2AT0Oj0GKfc,젠지 뚱러,1307,704,610,True,False,False,hWUSY25u3xIuEDrXKWMgV6cTpNMbSftSkFfIY9ClkxxaVtxVq-5E0J9Y1Yuv4jmILs4GvDLTzcEY_A
CHALLENGER,D85-RLQCI_FmzocGIWz1et0kjdG6FJyo-vWDWLu8nDGsJ4IUU6j2wN775w,Reve Bonheur Toi,995,396,332,False,False,False,wXYnT7ZUMRdIseEbKEUIbLmCpgiIHFBgpg_EcyjvgYFWqDklyaKGuluem8O5Gtt1ywCopGvQsD7gxg
CHALLENGER,shnpBtCunbpFZPiisJ98cezjPOWVCKfzoGPwBpdrqaO21xs,땅우양1,931,500,433,False,False,False,LjSAdoQ0V14leONWmZ-KBjfCx_Be-GVDcMNVbDDX6P7OKlLWOnZ3XeQllHR9gn5SIfEqX9mBpeOUuA
CHALLENGER,Z4_pu68YjYQS3pP06o9WfqYdbagTCqun6wQxoyxSqGnlRIE,zenbukorosu,967,679,599,False,False,False,rkIiu4adZgg78N8ZfGq06ZT6Rtm3z1Gb5QVZ12rBF-MECDR3N-bEApp3Hn1a1sLaJEw15NtuySerSQ
CHALLENGER,s1Bct95mP9Ud_BWrHrYjCw-8prGIVkDwDlVAPHI_zcpqNqs,그땐 그저 좋았다,935,345,280,False,False,True,P8cPnEyWHus0aPkt9vZ2CZajgNc9dQeqU_awgwfvfbfduuX-PZnqQs95Yf9mpRvwyXdFW_J0MYLOQQ
CHALLENGER,BlwAzs0zqynZFAh9pwHixe0jAY4Kuc61Rky_qW_1YYZvz7k,숟인데요,928,287,231,False,False,False,tO6NYN0xPQR0gsC2ud5W0ywEjf8iIcCD6fofhPtAXTOSyqQXzrGegJ07g1_lQITvO0Nf9EKrtje0Zg
CHALLENGER,HEUzVFD4hRbIL--h0sge6SnrHr-yp-fpGUUmcc8oxTPdtXyT_BCdgXXKZg,연애꽃1,1043,231,171,True,False,False,xtthqgcxBPZaoWMlNup0Bc_cXH_LYQ5y_bFpu_CnaU_F0__H6z20uPpoje4-sv2APnd1I6wiZl-JnA
CHALLENGER,JlKF_MeN-nSaxMXlK8lqG957Ij0QuRkIbYNbFTPPupQt5Vf-1QlKGGv6Gg,qwesadz,945,969,893,False,False,False,X9feUlxSunwIHM8UwN7zCloYoxueFM7qGyeEoz7-LyrC504E5aupNP1QTEBAYOovEluo2RlYEHNcEw
CHALLENGER,-7LGGIJqMJxDSLhhh9ZQzT_IHprPXc9qmWz-LMUa9NDGgJE,DK Loopy,926,988,924,False,False,True,BUgWezWuHwyoZEAuOorPCBVWHJciig-owo6kvKlQ1vJ32GT-W0e0zV32mNayCDVp4qYZbWAJIaM-SQ
CHALLENGER,nT4NHJV7_8RqS96IEi2l9Ii01JlQiGaiX_0H2zaVDtI3AIw,LSB DDahyuk,941,1316,1263,False,False,False,60DTYEXqNPdD0a1Wq9Gw9WojEdc2LqtF-Mq54UoksXH0Dde66VN-dziYTtYnxFZZrKm8sv8ZSPjzVQ
CHALLENGER,eQbSlYB1XaMXBrsTpfZT93SIZZ_cZ5qyE9fC0mSGanTeS7H6,변정현 굉장하다,1151,272,187,False,False,False,7fsLw_ebFBOvNBWK6pmp3AUBufunlqy8g-Db4yTazsvwBvcgftzSxp3-3UCB72G1OmwgkL3llYm_Ug
CHALLENGER,3YLwSm7nQGITr210pnuu4kQDJEhj5G1-rE3wgLIsYZw8jLyHs_CsKSUw4g,바람부는언덕위에,1282,537,450,True,False,False,ZDTjKGT4SfSatfKQ84MTiwr5kGTKh6cMc5lJGFcWqSbD7bMa9DQ5T00lX_j0v4DHsmN1cLP5sCN22g
CHALLENGER,XXowODEANq9wu71SrVikiy8uqpg2OAakj8FlKBBoDeVOKlU,한화생명 로키,921,1185,1129,False,False,True,tX22AvdqQKhP8GHN-W6sGq_4t_AbVZFXT3lcLzuMX3UDkcrIKIMRhx9hi2eRuc95SrjuQXA9AgD9rg
CHALLENGER,47fDULXUVm1zqGW1BDraaNQoAC8dlobUknk2u0TlOcZsdg,Twitch 다훈갓,1024,424,354,False,False,False,r9w3pprNTeExQDwRQRPw3HQqvHcRbd-r49uh4vIlUdMU2PYtlbAUH-NZwFuWu1_sC8WGwicKpglROQ
CHALLENGER,PX-3lCkSIjUH_L2N23tJPsxPbrAwuy_h71LJD_9YlpjH6z8,KT Castle,1270,742,666,True,False,False,15chkNoiYKVNquTzcclkifaFFQzkWPdlgv34W4O2O1K2Xj9wtt9TRuGLPZ1UCDzkWIXfLTiY5EcC5w
CHALLENGER,_c1AR9KeHHXJNWWUYgttzYwl0aJCI1W_jPDanAdUxerGoyUSd46e9GhkSg,221124,919,209,162,True,False,False,J1z-_6lyrX-WzUrdnK0_ICkmjo-lzY4Eo_4NqiuVFUQDVcDR-C1sma_d4KGzUD6v2s7d9-iCO9bVzw
CHALLENGER,lFfhpXwEpGWAqDo-qoAWWD7jFtgw9vo7WkhfJ7iRu-XEwZE,IgNar,1056,902,832,False,False,False,oBNddu5vm3WTsdlu2cTBa0nnPKR5iHfP5zrL2A8jY3WhD7hdB7980vXdilhRCnaVAHvTw3gwC7nDMA
CHALLENGER,Gg2GZ8Ki1huZ9IKRzqpCbm-U1zlIRVAEoaVDeOxppPa7m0W-,T1 Smash1,1166,531,454,True,False,False,lttfN_oGABzY280G2sLs9VhT9EPZbjQqNcIGMe-wCnPmmv-d9l0rmP_L-AACG_AoAtIOPUlo00RVuw
CHALLENGER,CdjP2YR1l42BM5N5_bh4Fx5gsUbb421OjMtc4BjfvdAIysSU,Gen G Zest,918,863,804,False,False,True,wKL2gV3oBgYM1Zr3g2p5raQxAzQ_-ITtDjDDnHHn2fR3tLamZEX447WmMf3CEBt60CRm74VIn0WxyQ
CHALLENGER,AOpFLn7zVdqeAX-dTq5Of1aeq4WljRQ7fyY1trAfgk2VTKs,KDF 영재,1168,777,697,True,False,False,kPTCYZx43kIgRxQK680P-DciVyUhkl8N_dvKMemaD9blELiwFpzvaqUo0RiIPFI1lRcx2OXqpWoVnQ
CHALLENGER,Em6vJotllSJdmscClTUerL7gTzRyvo6UE-CuYDiYHlyFgw0,어리고싶다,1056,937,866,False,False,False,DiIB8djvYQJirbIjfz8t7L-_OdALRsCeFOBfQJDn-S11QjXQ48NoGAeRFyOw_nbB8Rb720FT3Yj54g
CHALLENGER,biz9cF4MsniMsKasZIsnHPsiiGP-Yhgc3dX1Mu4ogJhRlA,물다이아,923,336,270,False,False,False,VR07KPPy4YFU33rhYPJCCVQ1xlAcfY31usVJB-tMXctxCvOJI4WyFyUesRxN81SGxAY7VRxwilI0mA
CHALLENGER,9Re_n1Z_--rTk2wLW0QFeo1g7LupmrN3NIS3kWkilRh_0DNPTHc0FMwS1w,원나물,921,144,112,False,False,False,tajRdkSLKqdvgpxN66LgEWG5_Usw4YJgoWrog9ac-lcwTKSjEnul-x2tWkeRwENOTQ0SvH3vRGXz0g
CHALLENGER,HR4lWmhuKu-sS0FTPNDTAVagBR-o0jvlsLeLYpjzzLfNsQ,별 수호자 김인겸,921,210,146,False,False,False,7dgaSkO7xgQf_LT1rEIY5VEJ_svoH7b67YdCep6wKn6dbSMMRfC886SzmBIbSMOJsbTkJiyLU0aw4Q
CHALLENGER,Wie29Lyzgja0xZmR_kqKySwrFH71H2VMRinaJfb_y9VmIWI,Radiohead,1404,1059,968,True,False,False,9C26C0XXzWxlC7FZRbargJfrpUQaoKSohLW8B7OSbdfs2e0BrneEZ1gxuiC8vZOtODBEQKcIlwx-Yw
CHALLENGER,nKZ_cHjxrcS7TMSLj2UAKUVXUdzO7uwsSXdx5oK4FXn1S4A,Honpi,1017,1280,1218,False,False,False,rlX6EZ2rK47N74siAoFFI3IiStb0k-Nv8YfAmWugKxk47bM5Ysh91YDwv8CKhzk7H-cCmz098G5COA
CHALLENGER,7-n91MYcpAgzMiU-PPN49FB_GYTgXhnGxS0nOdaSgElq-g,광연44,927,289,227,True,False,False,EO3UNnJT5quDvp-jhxehsfkD0BRabqLKnkGbVcRGsog7VkAmlulFDS3cs9M2tIp3sLTWaCbIM9jU6A
CHALLENGER,HA3sRsmor94YU26AIJKcAmUUAstNc81NicOtihOZe6R7hi8,MUDAI,912,758,690,False,False,True,wM2NSnn3aLmoiUFcT-jisoXjCSAEp_2cJgQ6zDXo6fbbdDYuqz-XsgVY1gRptWG-kSilCDIh7Zkp8A
CHALLENGER,q_N6Fg_y3E6-JqOn9lCTGr44SH9EYcM9KXAO8XbwRaZXvC5fzjwZTi8_eQ,KDF 알빙고,1206,970,881,True,False,False,ExDKfpIhvpNOWow3D1OYXQ-KFdK81HVFwaLrjWOVPxTdWEP_3mEuxOEw1bznegWMB5hl2lZ_nn1zDA
CHALLENGER,YsH8MTGtwUqrdiexJboMmx0m-ZDDeYgg9Dy1po4locf3lyw,다없수질,1158,330,262,True,False,False,0srfbgC880DAn61O4kEO69l1IFFZYgTIKqlC1Vx_fjkLL2xuWXOc_rRT8M7_eBQDeKFj4BIV_cvTSQ
CHALLENGER,etuuWw1Di3S5VoeEnFERzZpsJ_85LUaiuq4iWYVlnxBwqS4,이렐아칼리,1307,494,406,True,False,False,ERyhI7S4Xu0Kv8yziY-MVA7TnWI1mC-KyZJidcnMg9cxyvdvVpHJuqEnHlaor6RFFV8yRIc_RSao0A
CHALLENGER,2e0e7q9mQ29LBhm-Oh2cDWhih9SenJ2Ka-wzz_ILtlQW7-0,ZzK1,960,518,445,False,False,False,J4aiJaBI0I_olxxYgQ2dXe5ctjIHqa3ToG2ucUIhZhyF9RepAveGS736l5Nsca29peI9Aij10bCuDA
CHALLENGER,dPQUEafo5KkRadFkMNBuqBOOKWXxFhjb8OzMTEmWDP7J-Tg,코로나시러,909,321,251,False,False,True,BWROAtY7cIzw5HdL9fj8hO7nxosua0N1sI52koFvFOL45sdlVOjQuBdKugV9L7aP4DsHwBITK0RUAA
CHALLENGER,WkuTVy5bHA_BMoHhlewenSW2olGz5kolx0iVa8vIMBCT1F4,Clever9,930,519,462,False,False,False,06ThV6jvMMMobQHSfNoi6lLZ-fUwRIuF9luzCVBAgbXLg7b6s3a16zSAXtKc9yvpiNiWWzNEjcmeZA
CHALLENGER,1XqFN-kiML_jCpENQyJERVYhuwFx0QLDFODtX-H80nvcnGF62yU1zMG_4w,담원기아 루시드,1432,160,97,True,False,False,BdQT-SzrtpNAww1zIBtNyIlQvQtbpIF-g57ehkk_cn7_QXSfOD2Jm4VhERmmRxx12kBMKp4SLRY6rw
CHALLENGER,nN7WtvmfDH7XZ71GmTH16J5yHXys3J1nwFWuj49KIMgapiEk,DK Thanatos,1140,836,754,True,False,False,hl0DtrJ6bxk8ukyMJDOP0Ogo-4xEqQLC6GuLgXFAJGVJHmp3_5BrJqezKnRX9gRAuh9dnkt3KNnMqA
CHALLENGER,KQlOiWvUTCq6xrkSVAHz2FfLD0lXfpU-pbUcrk7jKX4IMzw,고 인 영,921,992,938,False,False,False,SkBYpMEM7C6QMSgd33LjB3WF64wqSYVz6gzOnUvESbbsuBn9kN-7f6kF5VvBSkIUdkNiMI9nltALnw
CHALLENGER,OOIZHtoqDFVLoN9rv-mytOoAl6jISh8c5xx3_brXIlZZwL4,yyzx,974,968,910,False,False,False,7fjPl25126A0hcOa5iJf5O0TCL8iJ01zwA9kweyQLS_R2pbUdSKenqI_hbYswNpsptV0rm6BNGXH8A
CHALLENGER,FVoBeQTBZC5eMMAM8GdYICDdiSPX08jd1nY_cTq2bgYL6RY,zuihouyinian1,955,331,266,True,False,False,3yUF8DmmZjkeWMsaoMcW98hgVDzlIYiWb0GUCDDZyiVB2ScrWNLG8-_HfleLq6cnpIusyyD1tAiM2A
CHALLENGER,3x-LgAt9BZLO1TT-GZSLDv8ijj1lIysqLJrRop7mCD_3tSY,Flame for you,926,298,240,False,False,False,3gfLSQmLporhiHDQzl0lciNspDjdHrU2Iq-tajB_Vqy_doiwkD0rvIj5cEyYKMUUTAL_VOhzOl4_AA
CHALLENGER,glr8ukwhuubeInuBkqyikqasA_NuClSV0DltZyuELDTUDg,댕청한남자,936,393,335,False,False,False,6lOQm9B5vNZ-Sru773DVK_VgqNLSjiiCGyU9e4b1aaWMy41jgs_bTEGYRDDkMV9yzT4PP1mz2UZQuw
CHALLENGER,xF4ugx7FQefS2fwGEkmzyuu8tpMR5qF2ZDwT6r75rmTRPUEdKEaEp4WnlA,초음파받아랏oOoO,929,230,181,False,False,False,IMM1EhWwCIYyY4dAygyLYi8K-VjwnodeO1f2Ffu8oB_xU0_nvOSGz4l9rGtwKuzYfZHU_5JdSK8XNg
CHALLENGER,CQjwHkMdghPWZfoES83kQ0FDqxD1D5uZbThbPrRIJLKd8Cg,lianbaixia,1035,263,193,False,False,False,gqqIaDWbXs1AabbbZOKdmHCjmpiSZt0qJSZh_3nPB0gsKyXjWUcUpoDNmNKGoAhYQlx55lSRcNY6ng
CHALLENGER,7CvNubWP7sjOGd57aZP_g-LFCMDE7T3bqQfeQVv-g-V6hMc,vancouver0,927,667,600,False,False,False,OXrsClGpHHPEI9S5rgeoU_ILp3N_Ex-d0MOpRqimLJOVFzx-EkWUDbaDtaEOn57c-AlrVHWx7Yb91Q
CHALLENGER,t918ardbmIQbGI_W6-Bk8wlQTGHYzQu3Rt8I513fNLvKkWU,KDF 태윤,1503,527,434,True,False,False,VMrBxE-zwVYab44rep565d372zhRIKCL5RUQleLqHsmU6m6Z4mivZWHcx9fQ6lwuTVmVRyBJYHVuPw
CHALLENGER,dXejXb-rgfmDL5BIOrLScp75BBYT4w6VspMXKStp2T_gROM,이야공,1004,176,111,True,False,False,Z3qf5d3-eWgqEUojqCxTkzbL3Kom6EOYRJ3oHyMPk4j8wUnbt5UKWDAWvCWyY2_86-lr3vO8t6qk2w
CHALLENGER,vJ6-4amUKBV9CCDgS2hJ9ZyZlusUR2MRQIukPhGHXYUwnhQ,KT Way,1416,375,288,True,False,False,Na6ESfAGicPdcCqUwU2Klc7tfTlRB_owz7Qtts95AwqavQNgZSDDbal9J1KKv4dsb8bJEttrFOhAFA
CHALLENGER,5_KUks8JwIjuY46hs_WaRTJOU7VSQ-74hkClQq1qor2Uvms,박 구 원,923,383,316,False,False,False,xsXAoA0Wjw0zjavQT5USWJzyQhk51QRjx599f4yVI_uzvAoBp0luxN2bashTiW9d9ef6NABkym3Vuw
CHALLENGER,KgQtpVF5B1yPyPptQmTEspyY-1cvZLLeikkb3hB-gC8LUbl-,청포도욕포,951,964,912,True,False,False,hZkVmp4JwsZVWq9zjFGEMxFVdluWxcDuQjLPWEMQmgKDZlBJKn4-6Tc-wMwbVWBx3GEjbteh2xpUnQ
CHALLENGER,PBalRQd0me55dBe2VlCcYkvEGuwkNS34BYt28gWz2VQ-a3kMT538Y9o9eQ,청포도육포,1112,454,367,False,False,False,rcFjQrf3Rx5UG1U8TFmkd8r5tqJ57N3brWPXBRCinbawP7yUaFJ2oH0h1QsIRP2MOYQ1g26HMyd3pQ
CHALLENGER,UBiYqIGs45Wy_jegxzBsURSHmidMvT_H8N2X_VMdd0OLqm8,조고마한 달기,1014,255,200,False,False,False,lVCNnMgj5eLxNcUwMDZDa573oWZxJo4ath5xR1MTl48fvWR2Fvnpm7KwYioNwcye4hSyq1W5MBGndA
CHALLENGER,XxoRimHbh_oEuy1I_5QQrBwCucnEYwDLY8hyaNySWIASscw,ouououo11,928,364,279,False,False,False,vOCfH70gnWKy9q7beI4_Ipqt-0Acv-xwTZuL8PsZAUtZ2ddAaWbeCKVM-OmlZ4G9MFHQmIVacxDgUA
CHALLENGER,Tm63FWRPOI5dXATMzWa9hfB8XvexLJyPsGJ21M3qJZxzoT4,seusa,959,535,453,False,False,False,6dOOnW4ZF_LXHyKIXjnoG03TqB4arvUiTxeyvpXETwkEcGlV9lmy-ZVneu_AlAt1Siya1Sdwk0pZkA
CHALLENGER,vJy7Sj7p0cp3kulrxFCjEedFQMFSnhGDyissn1Zwu2WvDn8,qwexzzxcsd,915,289,234,False,False,False,iT40kWxoetXZcwdHbTt16SkpZXBJJinU5hwd1ZW2quK4KrSDgJdfgVrDhCkko62C3ESXhC-ULzcv9w
CHALLENGER,bZqZ9cahiV63oLTdnAOT5jh0BU-yF_s_dmpgyyS7DTD7Ekhg-slX-UWaqw,wehui,1105,378,311,False,False,False,Vef2EKSJH8O6GGQfXdcIk00_mYMGVciPrd9kZ2Rf0Vkphvo1_LOrttagp6Muh3o0ju3us_jRL6IE0w
CHALLENGER,fCxIcWe5q5xNazvHAiBTn7Q8-ocbnW4lppZ8TSlLxulX6tY,viper3,1364,570,460,False,False,False,0qjG8UmGKyhAeRRUKb8o7bye06XN9p6fj4KbnNNroLH0JNmNwROQZwUDBSIFz57XVDiqpNceG22ojA
CHALLENGER,ifDWhEEZ2D2NJsiADJSezEwZ_ksf-Go4C_KD1WVt2uysl72P8r1jU2qdyg,TUaB,923,403,344,False,False,True,iXLwqBwL8Cn3YptGokuLXlY5UVJqOX8Jxj3TwZmoOr1sWw7DBhKWQyTi1VlNbShwRcxH5L5-rlwAZw
CHALLENGER,bYumoOwyPlRLxL5n7bG0QTd-P1pWXmuWnregnlh9Xm0PC10,아 좀 맛없네,1013,946,873,True,False,False,fUvXV34DdXjHk9gBWMInMXGwO7gq6oOsdRHkLAqvAO6TQuaDrqh_oqC9ktg1gq5xF7sFmt-XklJdmA
CHALLENGER,cGdt4AuJJHf57awO21I-FJbk9CzShKLqOjdOwD8eWpoACTCSAKf3zgiP4A,T1 Photon2,1011,460,397,False,False,False,XXnmeWtCVMfkHKAjxKBQEORoCaZjT9enjFpLNPk9n2dpo4T7mr18S42gwK8vkeWV7ODv_A50v5HoLg
CHALLENGER,p2hC3N4rtHzWnoGju_J-7EezwmmJJBDxYbK4nRN7ATZyppw,은가뉴,1269,422,346,True,False,False,XEdN61ldGo-GxoeQCTzvvW5CYjQEHRgd6m48KE7LHUyDY58WGiBZ7PQ0IrH4OZhAGjYbTeXmUhm6rw
CHALLENGER,6qAY7R6LIThw0_fdJMXC6uz1GBrrQuhj0SdbvVcIhJ6UzSRCv7JZynQZDg,QingQingQing,1057,513,455,False,False,True,uLyi15kdli5CAFCZQ3ikBgpO7HWe1OAR-T1N1joHfb5w89kKpc7lMZ17BN4LzDz1cD9fYuiTY925eA
CHALLENGER,ONln5-WuRZJcuSWHzeFvlmcc4QLmvUr3SXx98f2NNiTP1ERANt8G5RFTbg,족발집 막내아들,985,712,645,True,False,False,Aar5z9befAyhtGJ7BlSwgwrUvzLcO8ETKy0pzOhw8MrVFzChscvQ8VGs9yO7JNmrKx6nsvK-9crD6Q
CHALLENGER,VnoYHy_PSl2Xs4m7u-OZb5pJp4y4IHwVXQ96a5snSgFWT6kO4usUF-a9Wg,ogyk,1139,293,217,False,False,False,tQRI0K06JsmLzFIaDoM7yUvzqeLSzDrnp7JuZ3ItHn0PBi6N8-BygxgXVXlLZc_ZX2-LmSmCD0HqoA
CHALLENGER,zu84OY_eoV_sioBm8oNrKsFCROfQxjWGAHWKIhBFIAnsz4I,DK Sharvel,928,917,848,False,False,True,UW-b6ruvuadyjdWbP8ut938KUMtlgDRFaNpywA7VmIj4UKWpaIfh-qRE2ffCiaiO-xpib6nBouruMg
CHALLENGER,4uoBKw3GAENARStG4CNXOICUh_KC8Whz6KXywWT5mz-VFxc,peyzz,1153,848,764,True,False,False,bgc7zhpQYSAmdGEhFirMBVj_MQ1j2I6tL95oR_islXzLNpZJugxat98RM4hxdw6KsfnI79MkPQ8oFQ
CHALLENGER,MLqeyRIKAo2qF2KOxz8zosOXejofbC5H3JAPtFoZUMHO3Ng,렐서폿,1059,209,137,False,False,False,iqWINfPIP6jkI2iCjLORjeAsSif7Vb2HvKtiU8ZGQSJ8FtWcX3pUwzG_9Wu7NEkzuQWd84BbAllCjQ
CHALLENGER,YH-yolJ1T1ovs-QnZZPbGwgobPJckPk7VRUmBnnsoDH6lkw,관 모,1237,1261,1176,True,False,False,dO4GfFvL7WlvMV2jzf_Dec2KnHJBSIwm9IIDQo3vzp7qNJGOpRRtcdR4sGM87aii5mHFVrrWjx0Qvw
CHALLENGER,GAh0IzcRHwryUmwi75LAMS218c3KD5d5qGL3Cj16geTCzw,존중겸손아닥집중,1189,502,416,True,False,False,Lw4f8-B4zn-kghLTuPg40vF1SUhyXENndHqwHjiHLm1aEBgjYaY9DVRiuYYbdvBkdvPPOAW2okjjNw
CHALLENGER,LetsQRvzW7BSIKoICw0KkL_dxwZ9SoHU9KarPGtNmFY14g4,눈이 좋아요,1108,1342,1258,False,False,False,045e0meZuDUWAJpB88TrOWJpg7fr9fohil1Fb-aC-ycGLCyMIO2otAfvCVsZj_drVlu-02D8kDog2w
CHALLENGER,PXjtzh24OurwOpkVGZbOOmQs64vOkMWxbpEvwI3tfkpyMq4,kukukukuku,1030,591,511,False,False,False,VH8vlTPDpYum1h9X08RtZXw6pOYvswUSHAx8lo1oaxLUVgH9mxcZ6yMe4-LpfgDMUe5Bq2v7joLQJw
CHALLENGER,N5zMRwG0fUruQhRIru8cjdwsSoBFUCyWhK4mug7QiX-s7l6GzI2LRTENJw,허무하나아름답다,959,1029,956,False,False,False,mMYDSn79a4otVMhIvhLDWq41brw2yetwCS4lMjlqioQT8HGXLhA81vB9m91vbBn683ywuJvcXIsskA
CHALLENGER,y3h_erBTCQUWxyjkdBUnBakkJXixIrATIe1ABGQ4ByyyvcGWLsahWQ7uCg,laji fuzhu,1061,534,462,True,False,False,e7bnhI4F1ydgSIvGZb_IFyGdEOqIqWKY7LZPLpYgRqHsv8J2-TkUSXMose5-MZUIbe6Ov4191gmBqg
CHALLENGER,xNfc1aLzzFnNWIa1Qs7oCXsLOVvNDs0RldVq77I-usglnlk,Bulld0g1,1273,920,841,True,False,False,a3AFcyRzcahYaC5QqXQeFiEnXdJkgH_UAvM1ib4L0fDtzKsHWig0kUTUX4ZaN2vQl9PwqEoZarJBCQ
CHALLENGER,ZFIXM6MvQ_GaXk92-UnU8mT7qw4qILGx88doU9bY5uvMHkpa-iq-1jbEkw,wqeqweqwe,1007,142,91,False,False,True,fT7Tz0_RDvQYYgUfjJ_mrya5ByZrUY8IFEhE8mgWDX6VjSCD4D0jNYn0UPARfs5hLOhW8Q0J3H-bKg
CHALLENGER,c804xEzy8L9lTchQaCc4qYQ3U5wVlbf5JbagtGnosBVPpro,쭌 베,1118,722,651,True,False,False,ja0eQvC6zWOABhnf2ypkQ00o2uikmtda-DMv9dOKTPPshsJaZLboGTfnioMdEgs9qodzIdnMEMczYw
CHALLENGER,j3W3SWqEhUwhiuFHWRuZKeyVM2Gg6FDCCTz_TaMc7WcPRaA,이솔데,949,410,291,False,False,False,xgSZDYqvVEIGyknSl_K0eVg-rsx9N0cU0R0gxDdhJCIOf7SHjTzuy1BcX4eknZnk-O5_XTpHcW6l7g
CHALLENGER,11f_7ciMQMd_JMN1vkEjNcWWePyRFMwQbgWjZlbeox03o2w,BRO Hena,1369,1340,1236,True,False,False,NbbE_KPvCGqJ0fOYwm_Cxt1edMVI3Is5_S31aW06gM0M6HmA7pCCJTlum6TwZuzWOKmVjWWWkL_C7Q
CHALLENGER,Jf6QpQRmYpXOOCGt6lHM1iXIyGoTOee_nX8V7F2epSh9MoA_QtAk9xHFTg,Erilia,1031,318,261,True,False,False,PljrW7vZZ63zTuexw4EhjRwyF0Kl7uQY9RY0XRu9vC8f91fHJAjEiLqVDLepkC2565tYCTq2DQdy1g
CHALLENGER,gs41lcjhKsd66Ww8paml5_X9gRnNLHdZaPbcGrZ0aq1CWA7OnFPA4nX6AQ,열심히가안돼요,1041,120,71,False,False,False,sckxuC-bCo1PAiXaNGUBu_fH26KQTYj8nmRwFH5ThJaxLbpVFCzOvlKwMLKfeK4XCXE-dY0ZknGkuA
CHALLENGER,L44sm6yw9MAxNEJ2pj59KzmCdkTaW6PtRoQGXfP7b_BMtRpO,수희0,1000,309,251,False,False,False,7-1yvbIs3Sgk18jW553AITTgXILk-Gy7-jmgh0wYseC-vZShFdOJxw7bD_BN_pWQtfOO76Z8MguoTA
CHALLENGER,9FyUa4dii_gw5rx0FrPvY6RIp657Pd0QomkNKwzSqi_MSM624LGuOLAHSQ,tripup,922,118,64,False,False,False,-DI1FkLSNB_wtS2pqA6Hw46AnhAABgQXuyVvcaSGSrudEFBn532AlIezBuEU_-UIwyh8P6aLQdoMMQ
CHALLENGER,AUQdryYC1Dr24oQmqobXmE66t-Z5vMdD4iFbB3b8lcMS4PQ,Every Sec0nd,1015,655,595,True,False,False,wllCGkMMsQrGatJ6_p7squCkW-QP1MtIoNeLQlbOy89XkeoJg1jbcKPJxLQv7WKmdw0I8q7kQ5T6jg
CHALLENGER,m5vqxXQke_LANNk_WJ_aHLaVpfVCqTZljum_mlIZkp3qw-E,Summer G0 Loco,970,550,486,False,False,True,Db_4QZd2LHuNqhEf2iE5lhOrCzaSMWyvVbqAuR7EizBr8Hc0Kp9IbnMDtLudmau0suVibU2TQVTFVg
CHALLENGER,DMLboCo71YkAnqHp_r7uQTde8sQjeD0iERYdILfq52w90Ug,Life1,910,585,519,False,False,True,LNvYkifHvTJt6veh2mFIOxaMrhoqUaeDRg-AbDOiqi2Z5YOrkGxa7kBOPsiTQWLTlwkCW8eWsfPAzw
CHALLENGER,qdJvccuL7tOW_VqPoioWv64OV_-nJYlAUqqS5X5NJOrlLq8,Celna,927,650,589,False,False,False,0V8NsqQbluGS9zqiETIgZSAslXIXs5fIQXk8SFih7XQkS8EhNf7C5uqt0yeJvusgyXF_EOJ9luZ8OA
CHALLENGER,SXVjNVYpxsGfcK3Vog00MRl4yPZn1z_2XILId-D6kipUNojWF0jwHjSMwg,123123321123,1008,390,312,False,False,True,Hk8EY2a-FtwjVP0qCuFLVPoLBPqeA3lv_QtRaiJLUPlefE_tk5JhSFkxzMxX2rZ6mpgh37qzmTf8XQ
CHALLENGER,tQALsnHjpCdQ2qYO0EfXoHLqBb8WzN-_JtcqyzE4ekG74_Vocg7esEEAHQ,유상증자,1016,227,117,False,False,False,vbT_X7wvrS0fN_y3vHsFDa63Eyq8ZxupVEEnQdvUBQOL0YZtbwV2a_a3JRka54eA740yGnha8R8rVw
CHALLENGER,M00ZNBv3vF5OFz55bA5EjiAEOcEqPuOKo4tI2bcdzkDSceI,boongwa,946,680,617,False,False,True,ZrplQ_H608Y8Roo-I54E31qL5IboHwRNzMuWf4ojIVqUBI_2Gb16Gq6BZBwZPptRoSOO4jf1JpQ0GA
CHALLENGER,jAtZR_fb4xc46bEhltUU5bCgBDVsTJRTRNXytjGSTtAJJr3mh9zabmD9Dg,Gen G doK2,944,186,136,False,False,False,uL3B6K-JRSwGaVy0KjuZC-JwXkEPHy-PZxi5tTc1wRdbbUoyNNrmY7lMkjnH_ig41HqKCh_BVB5B-A
CHALLENGER,MlqCuNT4nPYG7Y0EUVjmQHVUMUzfzpJozlKeKe7c2_h_xOM,zhouyudagougou,1004,666,598,True,False,False,aYZCUruerjylcvYZlQDEr6d5r-MxjuKUG-breok6JQbWl3csfiwkpr46fjJfV8iulB-8EVs8liBZRA
CHALLENGER,ziD-Lnf3cdHpmaQpEzw5-sjzDguBtqXdf7NqyotETPWGOiGNB84bHLodLw,경자고 김우민,945,459,392,False,False,False,vnqDfO4YevJhgG9xa6uclAx_r-SYvvPdNMLx5vzR5mv9GcnjRGXYLAji-LaKKX-8HuQ1Zj0pyJUROg
CHALLENGER,M5BjM7gtAjk7moPpP8nzkZIeZ37lzoz6GXUJYbD-2gkcMxc,꿀잼사과잼,924,426,374,False,False,False,98hvSeMeCg1QtrxS5ls2GUeReCUGUQX9uVArk8JKyYILn5cMQXBGyVQDEIrEK_ZBunGS_KfbjCHCbg
CHALLENGER,JWESaeAOVRB7w8NCz40IXOIpuGx5QqP9GG3DYYD84xH97RtQPCSL0VedXg,rehcra0,929,521,478,False,False,False,T8Qwpf_UFBq95Hz-iOGJ_ppCw7FV9h3A6ucXfc9E_sOwlnmWiOqrUjLLMGUq0obXPEY9T0hqQrbGFw
CHALLENGER,B7d6BWntjt1RVCz_IfNlTo8Bvm4byYbjKJf9kp59A1ivx4AclKjoERU4iA,oh my golden,1101,261,187,False,False,False,B9wg-TXecHyssHG3volNkIkNpgSFEx5S8HlovYQM24JoOwU1svsFL6oeg2SclQEm1JqAMyZLZeuO2g
CHALLENGER,w0uT5E4-tRNC0Vw6lM3XGLOtPMIRRTrLHRKshXvZVsE0Cg,ddoobb,1066,160,95,False,False,False,qrOka1MiTwAIT8_PRUVH8q4f5T5ZGslI4dWRl08PtzVvu4iwKymLqtHkrk20DLoCBcPbTitA-dtSQw
CHALLENGER,RpvhFS__SNlA-zpcqAWJnHuUduN0ejLVL8hhk62tYiTDoZ0,Just Again,949,359,300,False,False,False,8nFb9bL3GTp5BFHL0ZrCZHJ-tisxxtwnP3eW8bD6KUTQ1xluClwvr9Eyn65uaP9eSCgZwbT1AbF9ig
CHALLENGER,GO-hvt7Nj6HVrCjlRwWgRGdKlkNDxLAJSjV-wvLH31yoKEk,K a e 1,1211,589,510,True,False,False,VZaQoMR9Ek23OI5SHla9o7mxBkMcJHQIvIDSQZqltu5exdy9EAJFE3IMVL8eqGgZRPJzIRGnwZRmIg
CHALLENGER,Q7eFeKQ3p-Bah0r3_9Lw2Iy0prlF1ECacdgIeJYQoPr28vA,솔랭전문서폿,942,636,575,False,False,True,4G01wO172kdDXhLlkSO_hSWAUc5vPGaJ0jzZrBj_6Ho0jX7JdBAzTWolyaJHk1T4c3qnWj7ZE1Kp1w
CHALLENGER,tdUjJXR59lwwesPAOj4VZXOLePcb_36E08mIOMYDth6rYR0,Jett0,1372,632,545,True,False,False,tyzZEp2vn1CSx-G-6nOzY5y5Na9r_mGrES51RlE2udzxPuyHXEoru_Z63FCio9GOQNurYsVGUcSLrQ
CHALLENGER,tHmlIpVBPuqLkMVLjZujF-8PQUyu4Q_lqJlEABZDNcx7Bqlt,안 믿어 사람,1111,836,732,True,False,False,ew6BBeL2-R3NJH5V0MzzRnaYavA3VqXbKmxsxG_V6dBlzOSBWJT4jbhdw3Pcj09bxA9BA57SqjFdvA
CHALLENGER,uKnNmqvAC6ebWOLuUMdSRcApVhiyBqSnm9jnh3x-Z0eKQn4,사 용 수,925,463,411,False,False,False,UXfBbl31LAbBk_YFO9GQ5IqrrGe3YIOHGlKjlMYkvuiDR6uhcBLO674Z0IhG0Uwq3NxWwQwdYJ_V_w
CHALLENGER,H9KwEnMZ8Jsksa-7bJDwAxluxOD4lgteoLbgRqBQaUipF2o9Ve_hsde4pw,블 미,936,277,215,False,False,False,5WSI1SYfX6-KjGR2-F5n-S-UPKz1uJOsSVLZYi-Pd7VGSBw4HLughIIal3CVq_rnb6G4L6jotmCbYw
CHALLENGER,d_RC3sWHaojDoXwUAuNFhPbQcxom9d128K9GGuUzkILbymQ,이 쁜 채 팅,928,303,246,False,False,False,XVyFJM6385h48-bt5TbfQy5fam7E1wznq7cu_hLHIiAcQOBE0ZD0dW-wr2n2pzGQ0Vap8J3rjgwQGQ
CHALLENGER,cDxctgF0hFZw8mqwb_icJZzCkFE36DrPpzjNvPaqQAjO-BY,fk the world,947,862,788,False,False,True,p-Ks4Se2oKVJyWq-Pi0nJGetib8fvZDilbHw8I5odzrjjbFgHdJKFJEXbmolm19RjbNtYj_Cd19QCA
CHALLENGER,hWYcpDtjE8awOAEwYJx1y-WfSZo6r2pHUEkP875JbZjSFbQ,Flowering Mir,949,522,464,False,False,False,2NFPh3Z88t9ASsNdt2F3SejyjDYjSWTG-xO4g-6bqnphpamh1F_TochmrcrXMU276iGnndU3zDPlLg
CHALLENGER,d8WTBvkF8_FJcmU1QhVMpI2bLGEL9upcspnC9dsC08UR_Q,아이번애호가,1016,750,671,False,False,False,SyJK9CGOYr1cYgrUK9TiFEtWUjBraSnqhNfrmNNDYCHP6pMKQC88CQU_az6kxrWqYSxjVEvrMsy_2w
CHALLENGER,vyRtMyG_kWA2K_slpsj_ypzBQD-8TZxwHFT9kD0yVTjlaTg,아이러니,1138,395,322,False,False,False,NTKtK_FWu0woBFWuKFhFsnRDN0asiRX1N9GTojYe9RYvZKcZSO-O-TRq1uyIvooLc82JgMlCZOCcTw
CHALLENGER,o__JP9SAVCwbRK4Zpgpn6NDSngWnO94BTXKkC-UWfLJLupuZ,Aileri,916,705,642,False,False,True,iqJeMnh_ZlC3g_3VIB0msUXfo_GkZSkgH1xVKT7BmwlcoZxFcW6IajZ0swdOz4z1r3umOl4-nWyvjQ
CHALLENGER,KaC_5V8ajdGpjL5LhHBmviCbvPewXbKM1KOl4qA7Qf4VDSM,어쩌라고맞짱뜰까,1236,789,708,True,False,False,2J7lMvlfczhPlt8SMl4khh2YbdhdBG0pjfMGBy_ePYBgWtF6HdM1CXkMgPHNm7idsswcSsN2wrh9CQ
CHALLENGER,PdHNyxz8Eo9Vp-1bmtlRukCmXAqE9zwwVTAWamRPfdFUiFDY4dYSAKboJw,yinheyinheyinhe,1321,535,420,True,False,False,uN5Zk1vXtwp3EfQJpvYX3fiuZ3Jt-u-f0qO4qA-YqtDTGafvbJ6nRxYJoFHbGs-pIoCZV81ToJLY0Q
CHALLENGER,j5BvPcMK-ahwiacDebqa9vQGuHMDPo5uiWjJ1KIxUElmzb4,지저스 버돌,947,557,496,False,False,True,I3NLn5FsVtFUsGK1TiKFM8Z7NicJbxk84K4MQ8I8Bk8s0FXbYaw2004PmPHTIjOz6RZDUzzChxIPOw
CHALLENGER,MDwZV4eN543F_LkvzBh04bwvi7ENw2TSxbeIEW4pWyKPG9ytCom8_OybDA,Hennessy VS,934,105,56,False,False,False,-GZKNxmXF7SgUyUpwFIeCNrIg5lCJH6ryuY8nz_DSs5fD7MJ_9BEHsh_7DzxkN2MqwGwW1LZl97Ojg
CHALLENGER,O15ZZEYlCdYre3VfXhx8EKtW72ilfd3dRp4P2IwIBmS1-amz4ivNEMS_yA,Kesshou,1006,705,646,False,False,False,-ZgJCPrp55gpd6u4Pvd1pd_pQfFH9NANft7b09CvVHBKyenpB1T9FiBROd9NYxhRpCpZIF8mBRYhTw
CHALLENGER,NB9Txnf5GKiuNqJ6NwYrIDmK1IPZQfsowoXfmeafOGUjMOE,FA Kingdom,971,1337,1267,True,False,False,1JP6GeMYXBesfYX005jD0eSbzZR2NGBBx2t43xGOR2RNi2GmTfGLmDXNQYPlkTueLa5fsgha1ZixPA
CHALLENGER,TUw8AWGl5wlPen5LF__wTpzMqrRIAuSjoJvxaIZkG73oBuQ,ucal3,934,415,352,False,False,False,xvYHTC_8LP2XeLX5-hlUhCPFuUmbZbj-uhG8-lQ4SLWYk1yLar-wsfndMe7e0UQpUle3Fii8bNdhxg
CHALLENGER,OEhA2iS9NBDT0-PObWdonuaJNQtPqJuUOy7dxY0z85DV_Qc,BRO Morgan,1269,384,296,True,False,False,HjdDq1UMb7EZQzOcLFYDOcMYnQt8DbA8zLpnbfzZ2vT81rG3TYV4d6u6-7hVzc9dvPQK0Wp3uu6Eng
CHALLENGER,teHD4XH9kGKO6ofjHU8bt-y9UXqcE9vgHPAg2wp5yASi0AiXPT8TcQGMHA,Academy T1,1104,389,305,True,False,False,rfXqBXzVf_BTYY3VUTGA3v-vkAOYUwT9KtMpVewPPcq2JD0bAth5_8zcadUE30IHdcq6xRe8-7ET9Q
CHALLENGER,_nP17CATHwT_RqgIYa_Mlj4_BFQWrab6I_6dHlfTnYx6Dyw,1성 남작이,1409,401,284,False,False,False,r4iAxRVwiWXQRJwTlRrNMMyhk17Q6OmPLM5xRJ43vWNGlSquw-aetcVtbpGNO65a5TuGSxX1AnX3Sg
CHALLENGER,Z196a9MC-pzREWAtYrruMydcT6dZIs2SQpSM6lcO3oBeX8KiuqWoSTJNHg,2048413,934,477,426,False,False,False,QDJGDt1__gqXkkYfyKj1w3R4XtMvMmEeeSxbZYZibpeTitdt_X-KmLRERdo0LW6WjAY9EUqX4MjdNw
CHALLENGER,2EaOpclNo7Wi3BNN2bv5NQ-ESNwgpCvoP0aSlF7J2BkhJMcgEwzM_mAgqA,Talon817,931,168,127,True,False,False,DvVEIHxlSRJdwMS_W2Iofo1lwNVS8jb7SuuZww_kE-QLKXEbzBX1VIrUkFoH5qiPP_H10KbfvyxMww
CHALLENGER,bAt6dEwjp37AYCvPGlsPKZ9oOG02xzGpvy6FxrTsm530hwY,동냥아치,985,1253,1185,True,False,False,d_F8dl7iqixgAPfeFvf2dNeVOvsH2Xqs6Mn8fq2-0rYPFBBw9-t9_y0igFzxl8LpAj6L_6qLXMD5-A
CHALLENGER,33KARa8_y9Y0DSFyR52W18uAq2Ful4Y3NKVdk7MkJqU2Dsk2Yrsqcg8bSg,DongleleDongdong,1002,418,353,False,False,False,ufTYcvJ8t897Rssn7yZJTQ5XoflX-UYhWIyT2X2SGjiebeG8YMHvVP4BAIEjdOTY9ZKsvRhaocCspQ
CHALLENGER,WNmmuGXL92S6LY6RDcWpzYBlMik14nROqVorkNrqqhNzJgvXPl1DsphO9w,haohaodayouxi,1136,510,419,True,False,False,uiQdP9LWly-2ZAQjoSGqvUlMLiUkaZPwdd3dis0QZkmgTf9UsYsl3OJkt0zczJe-z_f70AhMmm5fUQ
CHALLENGER,PdMgbvmzMTkWKHDInZfByjvamAxsL4vz5yn0gZd9D_J7RN7-faZga6OwBA,QUEEN1,931,1059,1003,False,False,False,T9yGOjcGqB9xvup40go-GpkJsvFV302lXDrMsbvrYVCVK9to3zjA0XTr6lZL9622MBp4mxqH0E87hw
CHALLENGER,yDJtVIdfTxniInMmH7PRHW3qLVwdqnq2pYJL-p-yf32BeZA,TDKAU,973,679,606,False,False,False,zIbS9tJOE8brIKziVjpbJJaBYQexxJ2NkdL5FsJey9eeL61FjEWhEDkAAVDFSNFDVdUGmBwDp3J6Bg
CHALLENGER,p9P_d-f8f-kHgao2arglrLxA8C5ns7EsKN3aS-YP_Y6CHdA,qwerquid,995,1410,1350,False,False,True,kXeI5c4_7Xjif-N2QrUuB_kKSGsu_8bSdG-lOl6ZIzwthJUq-kORpFg9InymVvdzvDY21DA4ncUKow
CHALLENGER,gtRzNnMv-lz7dAm9vPYsHxHWvkcpXBpbaw8AsO_RdOOtG6M,KDF 불독,1375,611,513,True,False,False,eJkJMaE7sf7mCRasR94ly579qU0D_5fCvkLnCOiPHOJVpLLXM3mfCmbHAgR3bfPpoFKFZMHcdXx0kA
CHALLENGER,aXVpQKSyzmaKH2TBzkAo2HS9OUM6xMIjRDtqfxnwKaZWzrIgP-4WqEk5qA,피그차이나,1059,419,339,True,False,False,5TM5YhnUWMCtDpc-HCF6t1cTyESOA9dZbvDJuQdS6C6km9oUR24_5LDNu1NSAhV4gHHa_UHdqzevkQ
CHALLENGER,zGnEj5oBc7G4Vl0NKllkbt_jxUvDdC2yQJrDDOWQLvRXedw,저 높은 곳으로,971,653,557,False,False,True,n5-YjBy_7AsxL5ZmIMjwCOmcZzi1JmGnHQHBcVosWTwao0gbu_G7FMgGUlcZd2S1WFiNt3vEnVM_0Q
CHALLENGER,_lu1eai2D9Mc9iVYf3eFByWFdKPupU7qzPR2H5a0PjAfEcE,Shadow Patch,1232,445,367,True,False,False,B1vTsT74jbgwimWJSjMkOq1TierFg-62j_aG6wry_60EcTPKoZBfDgOSLBq3g7Tqlu5Ps8ogRJsvCg
CHALLENGER,kWoR0fb79BC44RYhQJk2Xs24MmqXqNeyTrVGQs1GM9TjO_s,시간의 숲,1137,751,682,True,False,False,v-F49A7muY_0k3nFCMLL8jDnZ_Q9GQUe1CmkgSzL5x_QxdWPriPu2Y6OACPBpuhsMdb4AogmMcstww
CHALLENGER,N96Zy9uDCIu_wg6gfPCErIcKVKq-zVxNjqwX87Mk5KOBWHM,저빵인데터졌어영,929,192,127,True,False,False,1DLrEFUVVS41SVxqZStf6v8rfB1Fi0Bwqzpm4-a0hjv0fgFG3jHwJaYcJZ_wH84xYK22ItdbTALSgQ
CHALLENGER,2Dn-JiOtNROYsEJZDRFaN0Wz3jBD259gJwAuQ1e_BJAREtY,10일의전사,1131,245,183,True,False,False,CbJDYuakh2qb9rElD4mZfrQvbY10pomPVdCdw-0HQfQS1kRV7ggjj7pWeJ0R0cL0fyVYD3uQfVvjpw
CHALLENGER,t-wFK-RYVI082nBxXOiuBH8QiOZdVK2okiym6tDX7IZEZKiAL1cXhda8-w,Epilogue for you,950,2007,1944,False,False,True,YffOey-QJPwmDrRR52OibX5OhSjs5kzQUFv59LbSpGR9-cKhnC_YkdehxfoEfkRUvL2eN9q7x7EyAA
CHALLENGER,PPIjTZJTBmMbrkGE2diFrAyKfev7-4POYVMFYXCdFvpfyqg,Route9,1157,459,390,True,False,False,eu4zIDsIMs5wmQAjL1zKv5SxDVSZ32zolnMfZuMMdRw5vix1qa617bp8G_H8-T4me3GhcLhEZQcejw
CHALLENGER,mzfvhDT3D4sG6-rY4sYzw9XGNfpxwlEgBWFHgDbVA9Xcqk8,Juhana,872,1440,1386,False,False,True,9H-BiSLVNz_fnUcRIv77PYdGyo0mciXuQckkz_fa6Rq6edckHqBYn9j36yTGP8Nh7wWvVhTxrGYlhQ
CHALLENGER,2xDQFLCiH7OAA6W7kAT6VGf7nvAZ2qmziAKoYOEE8bejhZQ,Rich3,1209,677,608,True,False,False,ReX22smR5FpPaHCx-jmyv_PdFBxlwyzi4N6i_bDuZKIdWN0SbpEAO3bZxXOjHZXpwFIV6gbKhXvOLw
CHALLENGER,YKDGOyZS-XukxA9psGpCsW9hpuTkzZyX-to_ilEdoOienddPOR3TKH5wCg,분 과,924,569,507,False,False,True,hdWIanKJ3zdCHjsNdlWxzgBmGyJ4u0Vm0I_jB33VDK8SM_W98YJXPMPDFEYyhQuEStzphx-UPm5xzw
CHALLENGER,cxUseNv8VEx6S-4m0npzWNJ72pkRitHRzVG83_cObq3osec,겨울레몬,1038,252,191,False,False,False,EauSFLWM8Z4o_FJYRHjdpk1EzY6r4oOsHEjcaSLIWFtS4wq3z3Vsa_GuszqlK2Adgf70tk5goLNkXg
CHALLENGER,wewiLGM0R7VXsIgowDHyFdjBtvvFT9TGVlY6-1yTyNpQFXA,ZOEKlNG,1011,220,144,True,False,False,U2txH32ejt9_7O1uA4jrGGTfDF-RqrDOCIRsJKX2crjo7COwFFCKdJ7LvL02Y2O50H8aUmvcMoQr9Q
CHALLENGER,qwsdjVG70thL8Z3HR02r_Aivqun4HN__Mjy3mdlj7ekgSkS-rqRFLojizg,zui leng yi tian,921,290,215,False,False,True,amPFsbOtw-Yjl8ygABTaIZPxzC56qCV3Fp6Orr9UH3ndVI8b480amT9TR09TX398TXrX9_RHN_Ginw
CHALLENGER,Iq_8BS9QmkYs4LVNWRem066rUx8-iQzEssaP-tWwXk_Io2H_4cqdlqQJNQ,김민교 수제자,920,235,195,True,False,False,0r9oaB6WdbhzNQhuOexc-Q1kGEhQL23RP4bFfaPJX1dvG9icvXg73t_0STR4SIFc90O27_Hisot9MA
CHALLENGER,lg4uIiRCTweWjWu69Z5bxKzU4DTSu_f_XYtTtjrzW_IKmL0Y6fmwB3K0GQ,rewkfopdsfk,1112,204,142,True,False,False,xUQ5BCpkjDHYPQcQOcCrlB1fBV_rA-xARs6zzL50LUO8Yiyy_i3V_pu_Jxy1wrH7Cv_ekRNWnMuRbw
CHALLENGER,eVDG9FZ_apwFSAxnIjvN0e-OjPGEOgZrOQOyq81YLua5XQ,real gankster,985,705,616,True,False,False,SlUqB0OubicH4YyWmLxPL8aqrck2Qqs-hM6dYMw6TiT6jq0dh9aRopXx-iyi1C6rw5GM1THIkUWy8A
CHALLENGER,Zf8bqk7T2JY8GFNhG8njyG2CSHLMzFXRuSBIKL7WNHUyoo8,G1DEON,1449,415,338,True,False,False,U7v2Yz8XR1_CIZYJGsY6dv9LbKKNmgACnuFh0qV0PSuCUIgxATwinTNiUrtnYDvAROqrHXqPIkvUCg
CHALLENGER,S1WFDgIS_v3tYLJMEsefqOAI_3BU_D8Mn56ZxsHtB0bOcA,ChoGod,959,403,328,False,False,False,cpnIsaknrm4NSz0VzfydDBaAO6LaiCHXCN3slKCwziYLzL4Z7qjegsctoaf4rM5zM2dO6byA5pD-KQ
CHALLENGER,b3MhyTnFgquyPy8gUcIbC3OBCumSARGJvYaPQzDPiCK7rRk,이니쉬,1124,420,346,True,False,False,JzpgvJdJ-URs8QSHO0Fl3OS7zaHFcZT14_X7dsNsMGuONSARyw2Ukprpx2SGS60yLfm7xCkB1AJEmg
CHALLENGER,2piLTkSWaZ6wCWnNIG0MtIEJmp3W8-JCy05E6rTSz-IJSQ,tanoshiii,950,448,377,False,False,True,XVIKNEzuRJn6jiHDx3hiS6tabFsrqzFb_2m3_yQb8GZRLtu7deEIHpn5I9yoKJJlY8ji0YUTxCFJDA
CHALLENGER,15csmWx9BWXwhtqB1P5ssEa5bQPjbyAjse8uG9qWUL4rXSI,정글조지기,990,912,843,False,False,True,nqDrbhOSAzrY-sheSLzB6FTbe6Ac6EftHo4mP9YAXV8faoDQTwYN4RP9X7T64EHww6C7koPJUhEhjQ
CHALLENGER,QAvTeLZqokoRvH0VOJ9TtVHhrymL3FfcVDKzjTq6z1L2sDg,마틴마틴마틴마틴,955,1091,1004,False,False,True,3nSu1C7bSCGTMmk-sNhkB_ND6bLZRlQCnZERUfn1UXYBBY3oOYAXeG2CDbRDGrnfk1w1EbWI2IkM-A
CHALLENGER,3sCXlMJQYXMloEs1eR2n40YPFcfMpOHzv1sXqHp8GHQAQQc,다래머루,1004,433,364,False,False,False,zPfDLdNMx4vf-KS_WLN3YHsRXfHeDq1k3M0i0mxBxpqnH16r44KYRZNOsXAuOSszSwjOoPBqocdyUw
CHALLENGER,F60kYVJ4v-LREYzcXzkWHDrAkdfSYBv605inQaLzLLdqi7Q,핏빛 계약,1014,639,564,False,False,False,QZ9rTQ91ogLNM1xVOLM1tGOQzqX6-PkHkeO_8piC8471WTL8_RPq33zC9dUJNgEi267CgRyvgompTg
CHALLENGER,q6vUp45P5cL6CflfQ6Bnbiyxm27bWU9f3H_VL1_YtcSfcJE,내목숨은아이어에,966,450,373,False,False,True,3Dle6XQ5XnsPo8Z6N5qgHQFM6gQTKMigTnbI9ZaCYLZF1TGkmLc1f5M-UzfaiOfDrvkpZHJZDQZpYQ
CHALLENGER,RPMUpNBzQzGPEOUU64-9PqvoC8BhW7inPD0vu4ooeKKvM74,NOIR5,918,1102,1056,False,False,True,vxz09bD3r1eFYDxjqL9T2vnSWyWAKeGNbQlOeTUY-O26EkXzODBd7yvRuCsShspgZB4DGNm1xmaqlA
CHALLENGER,UsgZie9baXCJBv1cCuNGsetushFmdgtq_dCfNk0DU_tMIYs,아연몬,963,132,75,False,False,False,HpOEmSribmYbnFLS8XGL6D8CckWfrnqr01PYcaPMmJMXDX-q9iEEkgQ9vvu0y9ateeS82jJMK63vMA
CHALLENGER,jvP6qNKZq77HdR_1uDCVjPHksFWAAvrmutvuIaKbOJP1HWfzKTc8YReT-g,미니언14,1018,294,240,False,False,False,fN3gok1vKQwb_IA-NvpkLrrlPILf2nfmCOaS3AdInaqSaDg8IPunibr9JcA0BfI_o5MZLi_II4qPRQ
CHALLENGER,yerx2oYyut4_goC4YUHT1Dag2B4bYKJMjkppyXa5c-CgSkI,Indexy,1023,1678,1612,False,False,False,YVUGgWmao9EgwzhVg1JG5zijpvrGZvDD9cOlqwxuxCRztWz1BUuOR1NN_JPnJnhOzHB2xqsDn_rOQw
CHALLENGER,FmXwwD8_0bG-tYQv008j1EufdfQgzdEsppC4HAGIwblA7eg,상식적으로,923,649,594,False,False,False,WAxDNPDqB3CSEPjiWK-Wo1G-dUCJKK1wYe5WuHOsBa3bd95uXE22TMl6ILeWTZU8twE0rYtDPYTViQ
CHALLENGER,6jnf6kfeEDwCLVQY6LbQbzPX5v6XidsfNTzMMWm5pnthPy8,칼과 창 방패,1084,604,535,False,False,False,g82HtmDr731eYQY_fdOKGmn-zx54ueokq5eHWLen5OVA7VNwv8iOMVtbK8L3Fot85BtTqHTgaqm7jA
CHALLENGER,z2Qu2iGqXbcri_QJjTOjt1YcrQOeQr1qnZ-Li9XSeF6uft0,Cuzz,1138,217,152,False,False,False,4pnI8D7EArjftvH5kkFv5iKpmKd5-wYOQvGOXo0qCK_GFQxLEJFUSJSG5Cgkuxig4VkibdSR3MGUOg
CHALLENGER,sMP7sEgOXUfKxH7YmKxNDrD4DZctHtEFXaHapceCTqUxNeg,wocjf,938,227,172,False,False,False,VE9kidb9nHGEo5QSbrFFYkhf3xD6chm9j3vXeqRMUieVLsRIPqJb_FV--8lGKlBw7rVKJvwDbTkD1g
CHALLENGER,hwXXutmUikpCpFWVUnFtIoOjSCmKtB1i5uL97SJ91C-xfbI,윤용호,1028,288,220,False,False,False,gszsB_GnKb3LF1thSIBUna1Qk-V-JGNqQLvovggiO0UcYaoj2nt9yjeOdknGgiIjCXtf6zOpkXpK1Q
CHALLENGER,s_miWK0fF6Wp3HWlkSAgpnz-0FqWZjIiURbBJ_ro59e7bPc,no1ad eric,946,728,663,False,False,True,A8z8iv8fQXi2GFOEDPLi1IVb2BRLwIVpiN_zYdAtLmMdUowEZKusKorikzACa32D6EUZX5FMc16zvA
CHALLENGER,VeGTsg1rNOe2BOwumawb0SUu5qS9PTkjXpcHhnBBjrMr-EU,Shang xin ni,1022,404,331,False,False,False,GUQry76i0BCxXPE-n1DSaeIleEWFLFtIA2v3LDzksyHkEnxLvfYCHJ7MhvZ1AP6r6GzWSVpQk7z9DA
CHALLENGER,9ANYkNCjrd26a5DeG9b2sNKRY1BZOP4J4ydjhK-93aheNVXuPfu98p6Yfw,insuleixun,1104,596,529,True,False,False,7oJalqiqmyekZ-zOWSRZnxZISo3rfPBpnXpV3MeI6lKWeEJMk4eR42kTLCZ3qQhvfwc-8lq02kxqnw
CHALLENGER,Bklpxut7LIoCZ0DBUtU-RUWSL0NnWju10ndXBdi7ix3rtg,기묘기묘,920,525,450,True,False,False,IeQXn3CdiWFmuWbN0EbEGtTvhkEQB0jnNHCRuvsTqNdD5NRpV2ZQKG1IZspXILauKEcZojnYmAD1TA
CHALLENGER,4nLiwm9m0b-1IO6OwmyucGiGr2T9aTTAvrY5UmE0nibkWos,NEED HER,921,762,702,False,False,True,k44GOe7oRRlskHeEsQOBLmv6LrDjmazZmsRgSNlxWdL8u1FT746Sde6PhO6ovyQsOccwz3H7hh6HFw
CHALLENGER,N_blzXVxN2MbJCp27mnPv6W5QqMbSKityOjD44rCUSc7eSs,카이팅 요정,936,388,275,False,False,False,fuNLU0X7J_aTbWBSIQVPeCDo6mGFA_lwp3sPdlpb2CpwP3-TD0uFXE_wO3FWQiEiq4qyFFUlALRr5w
CHALLENGER,PXa5CcNBG_KRhUi4xCM8a30MQubGlkDIuGuQAWdCqikMbUsB4Fkmz_bB-g,빙산의 일 각,927,223,187,False,False,False,Pch5wouapwUs7KLWygXbKmjD8RSP3IgyJLFiEi3pE5ICft2cU4CTfI901yPuLE7rI-5BfsCca4KF6w
CHALLENGER,QQAqf-wP9iQN4N4WbiZVdYF7aaF624oEMtZH4fnIgn3cbDzv,농심라면다내꺼야,1460,778,677,True,False,False,_Q_O2_1pKQgKsioSa_CI6hdGqdEXYn-C8WmpeiLVzhrJ2JHUBn5c3LXK3BVRFEKShr375VeHfULmAQ
CHALLENGER,ZFCFHZeib4La-v7--4QRea_yhZIvUvsdeagt0oTVQohFWeg,주니어 네키,930,469,407,False,False,False,VIdZn1Mx91RxqsDbk8w06L7crcYMGX7jyV2EOudgcI9Nt9E3pyUkg2EZU_qsYAhAug6AhK3bjlK-4A
CHALLENGER,qRcf9HSJjaXwRlDxaq398VLLpB1NtOxlNoGTOJtU6WjHZzw,dlwlrma30,993,537,442,False,False,True,59XNWzywTYhSfWxnl_c_p9Hbb3oo-BGwu6jdx87Xx75InPUwooLaUglG-eZTCRVsRjK15yXRU9pTeA
CHALLENGER,zhzDrKXNWUuQbJPW8ZWQ28hhOx3dSiRuyIMxV4iZ0WeNCxDhGZneYHK3ag,불이과 ,929,333,255,False,False,False,_KYtNX-MOpZCiNgE60jtQrdjAxeivBdaQjSDOH-1kZjfNNTruwLGQo5XBTKa5Z3BBYSHByYp1bXJlw
CHALLENGER,FM74nEqu8PyxVMP3gQ7M89CQep1J76GntOrfwjT1bw6-MpA,프로연락친추주셍,1038,357,287,False,False,False,LjD2EaxcgB9C8l1R2RzoL1KQbJZWBw1pNqg2izL6YAzkhQwYKUnQTwtKCpKApJgkjUUFFNs5g81KfQ
CHALLENGER,ywssFi3qaY-yYz6xVKtx5MNepjyMUgzo-jh6lGwbzTPulF1MWJNQ5S3DfA,신을저주해,1014,250,171,True,False,False,N3IrBX6e9y-0BmShyir93_GuT387Rl9Z9jp6uJr62fkcQ1Fj_rd9BivWuaBw825CY50QJdZ2FGNRTg
CHALLENGER,wMlzxt4UWXIcoAYiTBrekgaJWP5t2UKTOLSNKDE5gGND3A,신 격,927,347,273,False,False,False,qHTzlF7-N3F0RsBs4bFN1OvtQQg0w8Q1bFf8m8G8iyfFNyERI6BWlHIoYA8ZiAH2gcH5ZF9qpuVt9g
CHALLENGER,BlS93EfRgeVMPU3hiY956zexEuFUK1BTZhAtBK8jxcT7Q6o,김춘식,1036,475,404,False,False,False,PJ4T7H6pbq5CALod159Fg1PK8drwIFtL0DRxGPQZ_NJVPFAtvfxMS51pxYbfzdSxTQ8z-NUJIsIMMA
CHALLENGER,v0RWU8Zd18CiJqVpIjx9Quck68i64jsqiBZrNoi-pZQUHLRkXpsVJ4QPwg,대머리,943,608,568,False,False,False,-amhgmjEQeMAY7XGnr38-BvvH8VLBdmHzsqrHHUvpB0fZC4n-aoZ_ui7B6tNyabkpbsF3i6NJLtZvg
CHALLENGER,dXIn2wCksjefmesNm6X6FHuDDDmEpaOsRZpntcTCh3pWF5c,이 차가 식기전에,1062,563,504,True,False,False,5ZGIXLHSDIpt043QitTzPDZxz9h6oDBaPl1kmiPf5mh7xJeYrmF_RFNf2_oNR9w7OZEf7D7vCIOMXw
CHALLENGER,ObA9b_EWBBNPELH818Fz8Zkh6Zw0mVddaKf9XLhdVXTWBAhs,가민준,1006,1277,1217,False,False,True,iOy_6yI1wxg6YDIlwyeFcyNDhocsMeZbBmQWAEvoV7PEuEwyleWTCBDINH2VMLXCazwL5HvuuC7c8g
CHALLENGER,A3Ev91rlShdhlXOxzbYaKmMFqXZo3UuLcWOIT4ieFm9_AlVRiYlXnsdjwA,용병배영준,1055,776,713,True,False,False,GtsMN3t9pLrrrE8OKPbhr1x5tintw0oQ5ARbLQroD8dY01TxOHi5TR2_7UKqNYcFM1bv8avPRQcnwg
CHALLENGER,AUl_3ABA2FWZDA7ezO1Fwk3FcbvfSLfpOI0WrmQbPum1zSPUqvMGHHXi4A,xtyx,1081,176,121,True,False,False,woYcounAFr3RFN-uvJZQ5V9RAChk_l0FZTx1yoyxHfZ6BnRqo0AVb7gLUtKh1nZp2wW_VioMUM2Pnw
CHALLENGER,zJUof7_ngV3m11OEBEuplDLdu65sKoryepK18nlvKGkBytkNNHQDtDcOKw,Kqher,913,196,144,False,False,False,xOTYVKGZlvpbbIXtlyBZjZfuOuOB9QMbzixLEq6sloJUoDTupeEhIU993wYfL8agAGlfdJQ4iHE9Eg
CHALLENGER,F1xF4oDlmueiGDibbxNvR2NMUlzitCt9gMfO0aS-GvGdFRM,Shadow Nia,1087,504,433,True,False,False,vcWMMLTyH6V4Vgqp_ROZAFZfDpptEQpJ_XovywqeqyZmZbiJrgnFNOVWABFIfjZzqrLQNesZ4rrhFQ
CHALLENGER,5mHyvY9dnAmeuZowjxxX6o6uEy1wFC12G6auCgKhCMSopmwN45L6rIT71Q,FA Callme,1065,539,476,False,False,False,uPaIwgumzD-LpyHbIkv7kFz1hE-uGw-uiMrOq-S-YKPJTtrGWq9Re4AzExeBiLbEURp3HkM2vE9_Kg
CHALLENGER,1ym3wV64348iTwBCnFJJGm-xeYWX2_64yAKpci15hQRHo0ur2_BmFzLIzg,Xbm,925,398,339,False,False,False,lnMjVH6eYKdZZrRz4YifZQUU-aNd7FMmoWmXpTh1thCIW7ENqxCLM_gP3jSlpYCldZXgLFEkUF8Dsg
CHALLENGER,K6qA3UTztZBiN4CmvYtbUZ8YAb5ztbxMViSRoptF0j4Nly6CMNsBml7j4w,Na Xi Da qwq,1003,197,136,True,False,False,jCo37iBcRKvj10DdF4F9AwzTC7x0jw_Y44YI_mCsJmuvoqYIg7v3ZWPV1Tn2QbdnoW38rkDnAR65pg
CHALLENGER,NhvEfU1f9MZiwJdudLnZSs6HAFoNukvJ_ykpW53BS4rz6Q,NekoL,1073,370,300,True,False,False,0piZWrYn2fRyrOaZyhtHSB-nJbOXdaCDMkqQCVQ_2L_Wyyg3ZdZnCj3Z0g2bijQMFrQ9AjE1w3cl2Q
CHALLENGER,UnFjl_-eIKfU3Jt34pNDHm7Ceckvp4a0rNESoQ1DMEUiZuQBZ77Fn9pxBQ,화내기도지쳤어,1235,687,597,True,False,False,7k266foHLR2X-Z0B5oTjxcugG2CP0C9myWP1CCb8aqmIhA95pX2FXa8ooLTQQTC6T0wc6Cr24YIV7g
CHALLENGER,F7_zQNOBV5r6HalOunWxYlFbYdVgQM7IJu_FCnRbScps0cKkfBsHCOj8fg,중모희망요고,910,267,181,False,False,False,vdwsgVH7ISzgHULW6a9FDsBPkgMAglTUlW68vJE0lyowAJLpYajOQ1KttFvXKVsSag1mzQS9EeYaNw
CHALLENGER,fIBXl2DGm_XKmBb9xUghBT5RHZ7BD8Fc5vWa6K8dD3gEPRIRRseedVIAVg,TH0RFINN,1055,139,76,False,False,False,lQ4XvFiUALorGrFrAEMofeHK2TfUgBoOoEV_lmZk1-qU7W-qmaET06FBfET99rcG7Dx1FdzJ3GOIeQ
CHALLENGER,Ai0f8NCXPP8l2TBhGSC6PCF4gSeQ8--GTjfT-C1P0WN6cTNAvPkzDabCBA,xbyueOoO,940,710,640,False,False,True,CkpYPaH2hYTI5Rhtat430ufhoDxnH5X-sLK47ODIi3628kbuojcPM_WgKZ24NEH857hVqE0gE1cPNw
CHALLENGER,Y0lb9zZIr5jtOAf1Zii-Ae1ENw2ZY4L_kfSLZ8SsI_9JRPo,lIlIIIIllllII,1314,873,795,True,False,False,0jDRsFxOdSQPD7X42zxWWzjTu0hkMvp4cdUifYH-0x8nrQarl8x4uD_UKZGYf3hoo1-8LGucKbQ3eg
CHALLENGER,jzex6w6ZyqVVSA-Kx3h8IsWleJFESwsG5GTdkSSLTDWCwe1hu2Yxw4Kw7A,Career DRX,1026,877,800,False,False,False,mzYsStMnqPjmhXLJ8GKdmfaPBtx2xQQX4wC0oYmZQ1vjzKjrBm8g8rkFeCc75c5kv-uWA5GC5lTTAw
CHALLENGER,EL_N8yJPqPYOfOR_8aR0iJu7uQh5ifUwGrnZucNXWTbkpMc,쿠 리,1016,305,241,False,False,False,KzqKul9zNiE-cVKim7xZ7rfkR2aG5hJa5mGG9kirqBxwZpUnWQcNg5PAy_X2MLdUa-7ceTg5HR1b3A
CHALLENGER,fxbPSQ67qHrMDUGEHvuiWvt4LU8jz4BpmUaliyuWJ2g2HLEhkFNJiNN0tw,Irene Irene,1604,402,296,True,False,False,koZaPygS8BjsprPEAXMqfevEwIz6obXlcTp-Qc97NojFIDO4PE20e657zjHMow5HiPH8cp7Sntyz1Q
CHALLENGER,QczCpfWE3I-yYOLEYGH4h-P_72mVOBYx4BHEGvQ0SUFV6zY,Sangchu,1132,359,293,True,False,False,TjJmLu0U9-flWo2p7_dD1P-VA1tcsCjqhqlmfibM1lApEBDD4SFgEax9szsGtuAQ7oIlOfS-qNoHjQ
CHALLENGER,H13KbCm0bXuherOTWbET12zdDuTOv7wEHOYhvUldME92CYIiQl49ZJt4wQ,IlIIIIIIIllI,1003,149,102,False,False,False,yQyaVuD7RIDjIEEBGoaVhtKo_yJ3GO-IuhvCVf1exZNK2QjUdHYH13bfm1bCkMXdklpazL3iEyMe3g
CHALLENGER,h-s7oXDnYY6RijAbhWKw0VI8vzbL2qXS2liEATzIJNtG0Ow,728847,942,312,257,False,False,True,pPTsRPyg2K-0lc16UKiGodX2rmyNKPEtKSnSxNTm2veboQXrX0jH6wZu8mCfaOwoA4k09BdpbYMpsQ
CHALLENGER,fQ4-hhGsHjmxmTc7cISmtzqwCqIz6IZI2OoWDnmdPE_MrGemIsX_YOaCaQ,쁘농2,923,162,95,False,False,False,XOUzKjd16sCjYCcfdn5Ei--BLjpFJ2Qtbr9UmHjpU66vKwV3O1j2ApLeIo_1PgGW-asZgkiCMGmchQ
CHALLENGER,-cHYqsOY3XG1TZCdQjhevMZODWNgaFZhll6VtCVNfxzMpu0,T1 Trigger,1067,764,700,False,False,False,EZnv6D7LrkYRPZPZnXAKbwKgnvAkLHXB_SsGHb14DZW4gdQnvSf_etS_aEiWHT9PO0w6d_3cNVzVDw
CHALLENGER,dpb8CLBnQaNUiCy5O7dC_QVzIlAh6mALH5mN7O4b2lBctHL0AY8hh6xZFA,Oh Lovely,918,268,213,False,False,False,jzttmEP1OsqB2VPSZiUWS_BVAmJvhGqSBVi1muEOq-9RPWZcbjG2QegpYWMAGSIaabUjIzFqfDpexw
CHALLENGER,5sfMWSNsXQ35kdaElZCyOr7FsJOX1rGKMTm_VyBeylOtCgg,F1reb4t,955,450,385,False,False,False,EtQfox9Viig89tPb1k4Kx2zOnj_cW2bA2jTkik4sPywlU62F31g4mRcjSyzTs8qUKIv-jR5WgOryJA
CHALLENGER,XUPNP-4GyO8jJaL7Ydn7fWAfzCikzyT27SHKHDSCINy9SOw,C9 EMENES,1151,364,287,True,False,False,3skve8S3vzAWyGY5xDNCri_JJieDfNHkRd6DBos6aJ_tbYllb129_ZCdlNLya3-JEUqx1iLAdDYVIg
CHALLENGER,ssXJKBQzzwxT62VAeuUHz0tFDLMZAHezctV2RyrmbNGFHIY,nihao hello hi,1070,773,652,True,False,False,9Ewem6UxxtHIpqXtz0Avnmgivtqy9SCAWW-SlkGTL9hrrk0AdY7L2wepeCuU_5hl7YP2i88TMogBog
CHALLENGER,YCBoVezRfPilZw1Ps7Aab5qM178hzjspU1oYenEFmsu7bQ,뭐라고번역하지,1028,324,229,True,False,False,7Jee8T-FWQD7HZR6DZugWYYLkiVy1VeQ55vFzMp0n9WJ9wUWmJrcPWQn9oV-8bo34kkN5f2fnkZSHw
CHALLENGER,sDtgUbC6IUbx9zRrYJG5ZM3jw0-6yspa1uFpoRccA48KZ94,Gen G Seeder,961,313,245,False,False,False,0Sf47HorphFrz72rer4iaasT5Nf5WQwla3vxDhOrN7T4--s7AvTrg-RQ2BSgdxYqttwhQEWVJvzYkQ
CHALLENGER,vDI46YQUumHzQNa6cDwI2QN9Mdu5cd9DEgA0X3MT6jT3po0,최강 EDGAR,1061,615,543,True,False,False,pANm8ql0yyswVJdg6BlPO_FL8qi1CT2qUl7ByksXt5L-GpYgMzUybcLZ1ZqD1u4KZJoTrvJbEo1BeA
